subject,anchor_rank,anchor_frame_num,anchor_pose_file,anchor_geo_to_identity_deg,anchor_yaw_deg,anchor_pitch_deg,anchor_roll_deg,query_rank,query_global_rank,query_frame_num,query_pose_file,query_geo_to_identity_deg,query_yaw_deg,query_pitch_deg,query_roll_deg,pair_geodesic_delta_deg,frame_gap_signed,frame_gap_abs,query_after_anchor
1,1,270,frame_00270_pose.txt,3.0359502195579386,-1.7723605160979214,-2.0898420788551557,-1.2748129687775962,1,4,271,frame_00271_pose.txt,3.8782721726104397,-3.2019274282220436,-1.6875111808822019,-1.347245416968362,1.4865417206186207,1,1,True
1,1,270,frame_00270_pose.txt,3.0359502195579386,-1.7723605160979214,-2.0898420788551557,-1.2748129687775962,2,5,267,frame_00267_pose.txt,4.299337823250797,2.6426221906380296,-2.7797282994435206,-2.0089475127071865,4.527546406761158,-3,3,False
1,1,270,frame_00270_pose.txt,3.0359502195579386,-1.7723605160979214,-2.0898420788551557,-1.2748129687775962,3,6,266,frame_00266_pose.txt,5.556618262247821,4.4305003427779015,-2.8785850996804365,-1.8376833761686027,6.276400073403822,-4,4,False
1,1,270,frame_00270_pose.txt,3.0359502195579386,-1.7723605160979214,-2.0898420788551557,-1.2748129687775962,4,7,272,frame_00272_pose.txt,5.572276828898361,-5.086709971835976,-1.7716353487777683,-1.3531024341692306,3.3297612227290485,2,2,True
1,1,270,frame_00270_pose.txt,3.0359502195579386,-1.7723605160979214,-2.0898420788551557,-1.2748129687775962,5,8,265,frame_00265_pose.txt,7.041789728561399,6.468790157420517,-2.61222072383711,-1.1224394066404224,8.259412736353497,-5,5,False
1,2,269,frame_00269_pose.txt,3.044053045290343,-0.3176638106848317,-2.288344052485719,-1.9755739702531936,1,4,271,frame_00271_pose.txt,3.8782721726104397,-3.2019274282220436,-1.6875111808822019,-1.347245416968362,3.0165218603857995,2,2,True
1,2,269,frame_00269_pose.txt,3.044053045290343,-0.3176638106848317,-2.288344052485719,-1.9755739702531936,2,5,267,frame_00267_pose.txt,4.299337823250797,2.6426221906380296,-2.7797282994435206,-2.0089475127071865,3.000848100583738,-2,2,False
1,2,269,frame_00269_pose.txt,3.044053045290343,-0.3176638106848317,-2.288344052485719,-1.9755739702531936,3,6,266,frame_00266_pose.txt,5.556618262247821,4.4305003427779015,-2.8785850996804365,-1.8376833761686027,4.787318086819808,-3,3,False
1,2,269,frame_00269_pose.txt,3.044053045290343,-0.3176638106848317,-2.288344052485719,-1.9755739702531936,4,7,272,frame_00272_pose.txt,5.572276828898361,-5.086709971835976,-1.7716353487777683,-1.3531024341692306,4.840071329026561,3,3,True
1,2,269,frame_00269_pose.txt,3.044053045290343,-0.3176638106848317,-2.288344052485719,-1.9755739702531936,5,8,265,frame_00265_pose.txt,7.041789728561399,6.468790157420517,-2.61222072383711,-1.1224394066404224,6.84957072666777,-4,4,False
1,3,268,frame_00268_pose.txt,3.173992111025225,1.1131385046639404,-2.390092773014559,-1.789827912178634,1,4,271,frame_00271_pose.txt,3.8782721726104397,-3.2019274282220436,-1.6875111808822019,-1.347245416968362,4.395846383261899,3,3,True
1,3,268,frame_00268_pose.txt,3.173992111025225,1.1131385046639404,-2.390092773014559,-1.789827912178634,2,5,267,frame_00267_pose.txt,4.299337823250797,2.6426221906380296,-2.7797282994435206,-2.0089475127071865,1.5921936864826114,-1,1,False
1,3,268,frame_00268_pose.txt,3.173992111025225,1.1131385046639404,-2.390092773014559,-1.789827912178634,3,6,266,frame_00266_pose.txt,5.556618262247821,4.4305003427779015,-2.8785850996804365,-1.8376833761686027,3.353414923755372,-2,2,False
1,3,268,frame_00268_pose.txt,3.173992111025225,1.1131385046639404,-2.390092773014559,-1.789827912178634,4,7,272,frame_00272_pose.txt,5.572276828898361,-5.086709971835976,-1.7716353487777683,-1.3531024341692306,6.247331463796028,4,4,True
1,3,268,frame_00268_pose.txt,3.173992111025225,1.1131385046639404,-2.390092773014559,-1.789827912178634,5,8,265,frame_00265_pose.txt,7.041789728561399,6.468790157420517,-2.61222072383711,-1.1224394066404224,5.403503229290764,-3,3,False
2,1,502,frame_00502_pose.txt,3.2668044697897574,1.5874113434810988,-2.0740446283792475,1.9332316384980217,1,4,507,frame_00507_pose.txt,3.763487160145028,0.9316359290739901,-1.581635720265256,3.2726267613789752,1.5625015016656425,5,5,True
2,1,502,frame_00502_pose.txt,3.2668044697897574,1.5874113434810988,-2.0740446283792475,1.9332316384980217,2,5,506,frame_00506_pose.txt,3.7908841036715932,0.5399118644552191,-1.8962216528823526,3.228613838566685,1.6745948445920824,4,4,True
2,1,502,frame_00502_pose.txt,3.2668044697897574,1.5874113434810988,-2.0740446283792475,1.9332316384980217,3,6,505,frame_00505_pose.txt,3.8012691709877027,0.316109833100041,-1.5938544486173936,3.432162769390649,2.018093385107034,3,3,True
2,1,502,frame_00502_pose.txt,3.2668044697897574,1.5874113434810988,-2.0740446283792475,1.9332316384980217,4,7,510,frame_00510_pose.txt,3.850216290047953,1.9855293381720927,-1.57158293471782,2.8739972393271738,1.1254411978008618,8,8,True
2,1,502,frame_00502_pose.txt,3.2668044697897574,1.5874113434810988,-2.0740446283792475,1.9332316384980217,5,8,509,frame_00509_pose.txt,3.9275158301204036,1.808955767984254,-1.9536534380492214,2.8571408277623274,0.9550412631711681,7,7,True
2,2,504,frame_00504_pose.txt,3.5621412571665045,0.0037267404794195783,-1.4223704008119264,3.2660343038236417,1,4,507,frame_00507_pose.txt,3.763487160145028,0.9316359290739901,-1.581635720265256,3.2726267613789752,0.9415197786801175,3,3,True
2,2,504,frame_00504_pose.txt,3.5621412571665045,0.0037267404794195783,-1.4223704008119264,3.2660343038236417,2,5,506,frame_00506_pose.txt,3.7908841036715932,0.5399118644552191,-1.8962216528823526,3.228613838566685,0.7178438869934909,2,2,True
2,2,504,frame_00504_pose.txt,3.5621412571665045,0.0037267404794195783,-1.4223704008119264,3.2660343038236417,3,6,505,frame_00505_pose.txt,3.8012691709877027,0.316109833100041,-1.5938544486173936,3.432162769390649,0.3923646123376477,1,1,True
2,2,504,frame_00504_pose.txt,3.5621412571665045,0.0037267404794195783,-1.4223704008119264,3.2660343038236417,4,7,510,frame_00510_pose.txt,3.850216290047953,1.9855293381720927,-1.57158293471782,2.8739972393271738,2.024254114255207,6,6,True
2,2,504,frame_00504_pose.txt,3.5621412571665045,0.0037267404794195783,-1.4223704008119264,3.2660343038236417,5,8,509,frame_00509_pose.txt,3.9275158301204036,1.808955767984254,-1.9536534380492214,2.8571408277623274,1.9232685228489288,5,5,True
2,3,503,frame_00503_pose.txt,3.5809960350716414,0.5195636234207855,-1.7011281789553185,3.1003229060731754,1,4,507,frame_00507_pose.txt,3.763487160145028,0.9316359290739901,-1.581635720265256,3.2726267613789752,0.463692243305891,4,4,True
2,3,503,frame_00503_pose.txt,3.5809960350716414,0.5195636234207855,-1.7011281789553185,3.1003229060731754,2,5,506,frame_00506_pose.txt,3.7908841036715932,0.5399118644552191,-1.8962216528823526,3.228613838566685,0.24327348173868116,3,3,True
2,3,503,frame_00503_pose.txt,3.5809960350716414,0.5195636234207855,-1.7011281789553185,3.1003229060731754,3,6,505,frame_00505_pose.txt,3.8012691709877027,0.316109833100041,-1.5938544486173936,3.432162769390649,0.40428644333969627,2,2,True
2,3,503,frame_00503_pose.txt,3.5809960350716414,0.5195636234207855,-1.7011281789553185,3.1003229060731754,4,7,510,frame_00510_pose.txt,3.850216290047953,1.9855293381720927,-1.57158293471782,2.8739972393271738,1.4887034438711113,7,7,True
2,3,503,frame_00503_pose.txt,3.5809960350716414,0.5195636234207855,-1.7011281789553185,3.1003229060731754,5,8,509,frame_00509_pose.txt,3.9275158301204036,1.808955767984254,-1.9536534380492214,2.8571408277623274,1.3350093979058326,6,6,True
3,1,24,frame_00024_pose.txt,8.414629854747568,6.7567248705143275,2.722717552942746,4.379878691165475,1,4,26,frame_00026_pose.txt,8.787962891522271,6.938450920097393,3.0791190754563784,4.622931594940515,0.4429119011691287,2,2,True
3,1,24,frame_00024_pose.txt,8.414629854747568,6.7567248705143275,2.722717552942746,4.379878691165475,2,5,34,frame_00034_pose.txt,8.84049823162234,7.357963843682477,3.267559558355312,3.873374685442852,0.9896406503370366,10,10,True
3,1,24,frame_00024_pose.txt,8.414629854747568,6.7567248705143275,2.722717552942746,4.379878691165475,3,6,21,frame_00021_pose.txt,8.84366659396254,6.951320723550844,3.009678872315679,4.755020300315722,0.48383729743901793,-3,3,False
3,1,24,frame_00024_pose.txt,8.414629854747568,6.7567248705143275,2.722717552942746,4.379878691165475,4,7,35,frame_00035_pose.txt,8.844225599841439,6.949995248865283,3.0266702849109564,4.748107322153196,0.4855740618309986,11,11,True
3,1,24,frame_00024_pose.txt,8.414629854747568,6.7567248705143275,2.722717552942746,4.379878691165475,5,8,23,frame_00023_pose.txt,8.885309746913949,7.403720080319431,3.122140951518594,4.005137198391867,0.8677098723531558,-1,1,False
3,2,33,frame_00033_pose.txt,8.68725846883923,6.871961466920374,3.16250653021883,4.469891258072259,1,4,26,frame_00026_pose.txt,8.787962891522271,6.938450920097393,3.0791190754563784,4.622931594940515,0.19527676821198536,-7,7,False
3,2,33,frame_00033_pose.txt,8.68725846883923,6.871961466920374,3.16250653021883,4.469891258072259,2,5,34,frame_00034_pose.txt,8.84049823162234,7.357963843682477,3.267559558355312,3.873374685442852,0.786018679617837,1,1,True
3,2,33,frame_00033_pose.txt,8.68725846883923,6.871961466920374,3.16250653021883,4.469891258072259,3,6,21,frame_00021_pose.txt,8.84366659396254,6.951320723550844,3.009678872315679,4.755020300315722,0.35050235298176696,-12,12,False
3,2,33,frame_00033_pose.txt,8.68725846883923,6.871961466920374,3.16250653021883,4.469891258072259,4,7,35,frame_00035_pose.txt,8.844225599841439,6.949995248865283,3.0266702849109564,4.748107322153196,0.3328116987943624,2,2,True
3,2,33,frame_00033_pose.txt,8.68725846883923,6.871961466920374,3.16250653021883,4.469891258072259,5,8,23,frame_00023_pose.txt,8.885309746913949,7.403720080319431,3.122140951518594,4.005137198391867,0.7040697855984734,-10,10,False
3,3,30,frame_00030_pose.txt,8.786275114451014,7.04189087784026,3.0040769751031555,4.504336043161431,1,4,26,frame_00026_pose.txt,8.787962891522271,6.938450920097393,3.0791190754563784,4.622931594940515,0.17423479557273197,-4,4,False
3,3,30,frame_00030_pose.txt,8.786275114451014,7.04189087784026,3.0040769751031555,4.504336043161431,2,5,34,frame_00034_pose.txt,8.84049823162234,7.357963843682477,3.267559558355312,3.873374685442852,0.7811578725461836,4,4,True
3,3,30,frame_00030_pose.txt,8.786275114451014,7.04189087784026,3.0040769751031555,4.504336043161431,3,6,21,frame_00021_pose.txt,8.84366659396254,6.951320723550844,3.009678872315679,4.755020300315722,0.27203661840457216,-9,9,False
3,3,30,frame_00030_pose.txt,8.786275114451014,7.04189087784026,3.0040769751031555,4.504336043161431,4,7,35,frame_00035_pose.txt,8.844225599841439,6.949995248865283,3.0266702849109564,4.748107322153196,0.2619467813852604,5,5,True
3,3,30,frame_00030_pose.txt,8.786275114451014,7.04189087784026,3.0040769751031555,4.504336043161431,5,8,23,frame_00023_pose.txt,8.885309746913949,7.403720080319431,3.122140951518594,4.005137198391867,0.6408757337684083,-7,7,False
4,1,476,frame_00476_pose.txt,2.0054546535890814,-1.0850636707950638,1.5788843668966799,-0.6079028287814725,1,4,478,frame_00478_pose.txt,5.654283949254904,-5.091754580981607,1.9827387789312034,-1.5465265134344697,4.1298426644264135,2,2,True
4,1,476,frame_00476_pose.txt,2.0054546535890814,-1.0850636707950638,1.5788843668966799,-0.6079028287814725,2,5,474,frame_00474_pose.txt,6.785471449899853,6.721588655786591,0.7801162469879389,-0.46454076138236566,7.84919971364491,-2,2,False
4,1,476,frame_00476_pose.txt,2.0054546535890814,-1.0850636707950638,1.5788843668966799,-0.6079028287814725,3,6,479,frame_00479_pose.txt,7.595250570129914,-7.069200925931391,2.326417327406898,-1.6711187998003125,6.114302295036658,3,3,True
4,1,476,frame_00476_pose.txt,2.0054546535890814,-1.0850636707950638,1.5788843668966799,-0.6079028287814725,4,7,473,frame_00473_pose.txt,9.795925558894242,9.658303068890934,1.5309064120042606,0.7266475254569692,10.82626425146972,-3,3,False
4,1,476,frame_00476_pose.txt,2.0054546535890814,-1.0850636707950638,1.5788843668966799,-0.6079028287814725,5,8,480,frame_00480_pose.txt,10.782633919684784,-10.268714219735344,3.0902078556126873,-1.4499507362212063,9.331457089327456,4,4,True
4,2,477,frame_00477_pose.txt,4.108632026881202,-3.638538789809119,1.9025709879163208,-0.21939342758561425,1,4,478,frame_00478_pose.txt,5.654283949254904,-5.091754580981607,1.9827387789312034,-1.5465265134344697,1.96566262723131,1,1,True
4,2,477,frame_00477_pose.txt,4.108632026881202,-3.638538789809119,1.9025709879163208,-0.21939342758561425,2,5,474,frame_00474_pose.txt,6.785471449899853,6.721588655786591,0.7801162469879389,-0.46454076138236566,10.422692226982106,-3,3,False
4,2,477,frame_00477_pose.txt,4.108632026881202,-3.638538789809119,1.9025709879163208,-0.21939342758561425,3,6,479,frame_00479_pose.txt,7.595250570129914,-7.069200925931391,2.326417327406898,-1.6711187998003125,3.7339850374372614,2,2,True
4,2,477,frame_00477_pose.txt,4.108632026881202,-3.638538789809119,1.9025709879163208,-0.21939342758561425,4,7,473,frame_00473_pose.txt,9.795925558894242,9.658303068890934,1.5309064120042606,0.7266475254569692,13.336917443150456,-4,4,False
4,2,477,frame_00477_pose.txt,4.108632026881202,-3.638538789809119,1.9025709879163208,-0.21939342758561425,5,8,480,frame_00480_pose.txt,10.782633919684784,-10.268714219735344,3.0902078556126873,-1.4499507362212063,6.8212870115109006,3,3,True
4,3,475,frame_00475_pose.txt,4.255551424330799,4.0315866198749415,1.255009810622127,-0.4869388446645867,1,4,478,frame_00478_pose.txt,5.654283949254904,-5.091754580981607,1.9827387789312034,-1.5465265134344697,9.212512853681242,3,3,True
4,3,475,frame_00475_pose.txt,4.255551424330799,4.0315866198749415,1.255009810622127,-0.4869388446645867,2,5,474,frame_00474_pose.txt,6.785471449899853,6.721588655786591,0.7801162469879389,-0.46454076138236566,2.7317733779711597,-1,1,False
4,3,475,frame_00475_pose.txt,4.255551424330799,4.0315866198749415,1.255009810622127,-0.4869388446645867,3,6,479,frame_00479_pose.txt,7.595250570129914,-7.069200925931391,2.326417327406898,-1.6711187998003125,11.211767973133611,4,4,True
4,3,475,frame_00475_pose.txt,4.255551424330799,4.0315866198749415,1.255009810622127,-0.4869388446645867,4,7,473,frame_00473_pose.txt,9.795925558894242,9.658303068890934,1.5309064120042606,0.7266475254569692,5.755799427611264,-2,2,False
4,3,475,frame_00475_pose.txt,4.255551424330799,4.0315866198749415,1.255009810622127,-0.4869388446645867,5,8,480,frame_00480_pose.txt,10.782633919684784,-10.268714219735344,3.0902078556126873,-1.4499507362212063,14.442373416544957,5,5,True
5,1,493,frame_00493_pose.txt,0.90955185305562,-0.7531172478958704,-0.44258883645538155,-0.24841496546093014,1,4,491,frame_00491_pose.txt,3.9905844790208023,-3.9573565054479714,-0.15644518776141475,-0.4825716220321997,3.2250588633150823,-2,2,False
5,1,493,frame_00493_pose.txt,0.90955185305562,-0.7531172478958704,-0.44258883645538155,-0.24841496546093014,2,5,11,frame_00011_pose.txt,4.866208160216736,2.660443563525539,3.9648947650931596,-0.8525944876477619,5.614981807856697,-482,482,False
5,1,493,frame_00493_pose.txt,0.90955185305562,-0.7531172478958704,-0.44258883645538155,-0.24841496546093014,3,6,3,frame_00003_pose.txt,4.960531117188834,3.057505612291714,3.854835208335863,-0.5387394129513797,5.754891173185729,-490,490,False
5,1,493,frame_00493_pose.txt,0.90955185305562,-0.7531172478958704,-0.44258883645538155,-0.24841496546093014,4,7,9,frame_00009_pose.txt,4.977729309928949,2.885190265249743,3.9940097400635297,-0.6179741790009156,5.754250382841677,-484,484,False
5,1,493,frame_00493_pose.txt,0.90955185305562,-0.7531172478958704,-0.44258883645538155,-0.24841496546093014,5,8,4,frame_00004_pose.txt,4.985317325843907,3.048363111398256,3.784407954859554,-1.0203250918807811,5.747693449246924,-489,489,False
5,2,494,frame_00494_pose.txt,1.1936454611438099,1.0741636860216657,-0.4252911310152924,0.29531038308587926,1,4,491,frame_00491_pose.txt,3.9905844790208023,-3.9573565054479714,-0.15644518776141475,-0.4825716220321997,5.0975277248194635,-3,3,False
5,2,494,frame_00494_pose.txt,1.1936454611438099,1.0741636860216657,-0.4252911310152924,0.29531038308587926,2,5,11,frame_00011_pose.txt,4.866208160216736,2.660443563525539,3.9648947650931596,-0.8525944876477619,4.841043357321707,-483,483,False
5,2,494,frame_00494_pose.txt,1.1936454611438099,1.0741636860216657,-0.4252911310152924,0.29531038308587926,3,6,3,frame_00003_pose.txt,4.960531117188834,3.057505612291714,3.854835208335863,-0.5387394129513797,4.817247873493984,-491,491,False
5,2,494,frame_00494_pose.txt,1.1936454611438099,1.0741636860216657,-0.4252911310152924,0.29531038308587926,4,7,9,frame_00009_pose.txt,4.977729309928949,2.885190265249743,3.9940097400635297,-0.6179741790009156,4.8908272330467595,-485,485,False
5,2,494,frame_00494_pose.txt,1.1936454611438099,1.0741636860216657,-0.4252911310152924,0.29531038308587926,5,8,4,frame_00004_pose.txt,4.985317325843907,3.048363111398256,3.784407954859554,-1.0203250918807811,4.872659649931753,-490,490,False
5,3,492,frame_00492_pose.txt,2.022572990064231,-1.9486497165555583,-0.504770541788131,-0.18554091443822218,1,4,491,frame_00491_pose.txt,3.9905844790208023,-3.9573565054479714,-0.15644518776141475,-0.4825716220321997,2.058297130808942,-1,1,False
5,3,492,frame_00492_pose.txt,2.022572990064231,-1.9486497165555583,-0.504770541788131,-0.18554091443822218,2,5,11,frame_00011_pose.txt,4.866208160216736,2.660443563525539,3.9648947650931596,-0.8525944876477619,6.457135988826613,-481,481,False
5,3,492,frame_00492_pose.txt,2.022572990064231,-1.9486497165555583,-0.504770541788131,-0.18554091443822218,3,6,3,frame_00003_pose.txt,4.960531117188834,3.057505612291714,3.854835208335863,-0.5387394129513797,6.649261700074579,-489,489,False
5,3,492,frame_00492_pose.txt,2.022572990064231,-1.9486497165555583,-0.504770541788131,-0.18554091443822218,4,7,9,frame_00009_pose.txt,4.977729309928949,2.885190265249743,3.9940097400635297,-0.6179741790009156,6.619033367530853,-483,483,False
5,3,492,frame_00492_pose.txt,2.022572990064231,-1.9486497165555583,-0.504770541788131,-0.18554091443822218,5,8,4,frame_00004_pose.txt,4.985317325843907,3.048363111398256,3.784407954859554,-1.0203250918807811,6.64215377536902,-488,488,False
6,1,431,frame_00431_pose.txt,1.9988948374260522,-0.6647660217532865,1.2659775420217272,-1.4040166611604838,1,4,256,frame_00256_pose.txt,3.094878799186357,2.3040087731054673,-1.4122849305354945,-1.5379969771114748,3.998889281792283,-175,175,False
6,1,431,frame_00431_pose.txt,1.9988948374260522,-0.6647660217532865,1.2659775420217272,-1.4040166611604838,2,5,432,frame_00432_pose.txt,3.3712121293127963,-2.222212593857643,1.5205711760915426,-2.0581414887106395,1.7063352579833486,1,1,True
6,1,431,frame_00431_pose.txt,1.9988948374260522,-0.6647660217532865,1.2659775420217272,-1.4040166611604838,3,6,254,frame_00254_pose.txt,3.9951100859867417,1.7478499403081837,2.639652707217378,-2.397791849530028,2.952753221066428,-177,177,False
6,1,431,frame_00431_pose.txt,1.9988948374260522,-0.6647660217532865,1.2659775420217272,-1.4040166611604838,4,7,257,frame_00257_pose.txt,4.29589719835209,1.036187528686703,-3.0481516310320176,-2.8726500508025707,4.859747523117413,-174,174,False
6,1,431,frame_00431_pose.txt,1.9988948374260522,-0.6647660217532865,1.2659775420217272,-1.4040166611604838,5,8,425,frame_00425_pose.txt,4.7455021923148575,-2.271047785468104,-1.6887129589710526,-3.7767561836159946,4.158684013580537,-6,6,False
6,2,255,frame_00255_pose.txt,2.669265508139527,1.263818435751421,1.0074538398754787,-2.1130698371402947,1,4,256,frame_00256_pose.txt,3.094878799186357,2.3040087731054673,-1.4122849305354945,-1.5379969771114748,2.711685327440026,1,1,True
6,2,255,frame_00255_pose.txt,2.669265508139527,1.263818435751421,1.0074538398754787,-2.1130698371402947,2,5,432,frame_00432_pose.txt,3.3712121293127963,-2.222212593857643,1.5205711760915426,-2.0581414887106395,3.5244018636249903,177,177,True
6,2,255,frame_00255_pose.txt,2.669265508139527,1.263818435751421,1.0074538398754787,-2.1130698371402947,3,6,254,frame_00254_pose.txt,3.9951100859867417,1.7478499403081837,2.639652707217378,-2.397791849530028,1.7328006228670882,-1,1,False
6,2,255,frame_00255_pose.txt,2.669265508139527,1.263818435751421,1.0074538398754787,-2.1130698371402947,4,7,257,frame_00257_pose.txt,4.29589719835209,1.036187528686703,-3.0481516310320176,-2.8726500508025707,4.11732412260969,2,2,True
6,2,255,frame_00255_pose.txt,2.669265508139527,1.263818435751421,1.0074538398754787,-2.1130698371402947,5,8,425,frame_00425_pose.txt,4.7455021923148575,-2.271047785468104,-1.6887129589710526,-3.7767561836159946,4.754542031079389,170,170,True
6,3,430,frame_00430_pose.txt,3.045131794538342,-1.9534376163071265,1.0858269007136492,-2.0866501450293953,1,4,256,frame_00256_pose.txt,3.094878799186357,2.3040087731054673,-1.4122849305354945,-1.5379969771114748,4.967124153192364,-174,174,False
6,3,430,frame_00430_pose.txt,3.045131794538342,-1.9534376163071265,1.0858269007136492,-2.0866501450293953,2,5,432,frame_00432_pose.txt,3.3712121293127963,-2.222212593857643,1.5205711760915426,-2.0581414887106395,0.51563296974019,2,2,True
6,3,430,frame_00430_pose.txt,3.045131794538342,-1.9534376163071265,1.0858269007136492,-2.0866501450293953,3,6,254,frame_00254_pose.txt,3.9951100859867417,1.7478499403081837,2.639652707217378,-2.397791849530028,4.025848881801818,-176,176,False
6,3,430,frame_00430_pose.txt,3.045131794538342,-1.9534376163071265,1.0858269007136492,-2.0866501450293953,4,7,257,frame_00257_pose.txt,4.29589719835209,1.036187528686703,-3.0481516310320176,-2.8726500508025707,5.166559301501092,-173,173,False
6,3,430,frame_00430_pose.txt,3.045131794538342,-1.9534376163071265,1.0858269007136492,-2.0866501450293953,5,8,425,frame_00425_pose.txt,4.7455021923148575,-2.271047785468104,-1.6887129589710526,-3.7767561836159946,3.316495448480621,-5,5,False
7,1,390,frame_00390_pose.txt,0.6923117495561616,-0.08064902403341015,0.2762530515252263,0.6289947091304174,1,4,388,frame_00388_pose.txt,1.723706422849694,1.5854097445162239,0.25092736934287546,0.6313505991751467,1.6665796316480626,-2,2,False
7,1,390,frame_00390_pose.txt,0.6923117495561616,-0.08064902403341015,0.2762530515252263,0.6289947091304174,2,5,392,frame_00392_pose.txt,1.826366250578397,-1.4141059952801642,0.27416750066329204,1.1192722344089847,1.4210991803493018,2,2,True
7,1,390,frame_00390_pose.txt,0.6923117495561616,-0.08064902403341015,0.2762530515252263,0.6289947091304174,3,6,387,frame_00387_pose.txt,2.20285848530393,1.9947146097618687,0.352281688905252,0.8721973613075146,2.0908604493864305,-3,3,False
7,1,390,frame_00390_pose.txt,0.6923117495561616,-0.08064902403341015,0.2762530515252263,0.6289947091304174,4,7,7,frame_00007_pose.txt,2.6919298860164385,1.7643414077585733,1.7811047268441769,1.0089131816513741,2.4074026006379583,-383,383,False
7,1,390,frame_00390_pose.txt,0.6923117495561616,-0.08064902403341015,0.2762530515252263,0.6289947091304174,5,8,11,frame_00011_pose.txt,2.748669911988064,2.058065999643396,1.8067575018621873,0.2727288640983517,2.657340059973639,-379,379,False
7,2,391,frame_00391_pose.txt,1.0595998162873375,-0.5928730309376461,0.48815434935082347,0.7286257634946889,1,4,388,frame_00388_pose.txt,1.723706422849694,1.5854097445162239,0.25092736934287546,0.6313505991751467,2.192972010936495,-3,3,False
7,2,391,frame_00391_pose.txt,1.0595998162873375,-0.5928730309376461,0.48815434935082347,0.7286257634946889,2,5,392,frame_00392_pose.txt,1.826366250578397,-1.4141059952801642,0.27416750066329204,1.1192722344089847,0.9320735780425277,1,1,True
7,2,391,frame_00391_pose.txt,1.0595998162873375,-0.5928730309376461,0.48815434935082347,0.7286257634946889,3,6,387,frame_00387_pose.txt,2.20285848530393,1.9947146097618687,0.352281688905252,0.8721973613075146,2.594841933165369,-4,4,False
7,2,391,frame_00391_pose.txt,1.0595998162873375,-0.5928730309376461,0.48815434935082347,0.7286257634946889,4,7,7,frame_00007_pose.txt,2.6919298860164385,1.7643414077585733,1.7811047268441769,1.0089131816513741,2.7012164928735003,-384,384,False
7,2,391,frame_00391_pose.txt,1.0595998162873375,-0.5928730309376461,0.48815434935082347,0.7286257634946889,5,8,11,frame_00011_pose.txt,2.748669911988064,2.058065999643396,1.8067575018621873,0.2727288640983517,2.997716100717431,-380,380,False
7,3,389,frame_00389_pose.txt,1.1242424099517219,0.33928290393906185,0.6150182146556419,0.880072665673571,1,4,388,frame_00388_pose.txt,1.723706422849694,1.5854097445162239,0.25092736934287546,0.6313505991751467,1.3205844561213882,-1,1,False
7,3,389,frame_00389_pose.txt,1.1242424099517219,0.33928290393906185,0.6150182146556419,0.880072665673571,2,5,392,frame_00392_pose.txt,1.826366250578397,-1.4141059952801642,0.27416750066329204,1.1192722344089847,1.8016507749158162,3,3,True
7,3,389,frame_00389_pose.txt,1.1242424099517219,0.33928290393906185,0.6150182146556419,0.880072665673571,3,6,387,frame_00387_pose.txt,2.20285848530393,1.9947146097618687,0.352281688905252,0.8721973613075146,1.6758180590105343,-2,2,False
7,3,389,frame_00389_pose.txt,1.1242424099517219,0.33928290393906185,0.6150182146556419,0.880072665673571,4,7,7,frame_00007_pose.txt,2.6919298860164385,1.7643414077585733,1.7811047268441769,1.0089131816513741,1.8438855044995561,-382,382,False
7,3,389,frame_00389_pose.txt,1.1242424099517219,0.33928290393906185,0.6150182146556419,0.880072665673571,5,8,11,frame_00011_pose.txt,2.748669911988064,2.058065999643396,1.8067575018621873,0.2727288640983517,2.1843948383437963,-378,378,False
8,1,28,frame_00028_pose.txt,3.2903476376408216,1.3486836997423484,-0.62815400118689,-2.942424117864439,1,4,29,frame_00029_pose.txt,3.5589121785520117,0.3674318522039,-0.03450578585875176,-3.5395355860123954,1.2975377682636189,1,1,True
8,1,28,frame_00028_pose.txt,3.2903476376408216,1.3486836997423484,-0.62815400118689,-2.942424117864439,2,5,26,frame_00026_pose.txt,3.883351498202242,2.1946390316746887,-1.3349288017103287,-2.938337477634992,1.1020023825727945,-2,2,False
8,1,28,frame_00028_pose.txt,3.2903476376408216,1.3486836997423484,-0.62815400118689,-2.942424117864439,3,6,32,frame_00032_pose.txt,4.148028007268904,-2.1518191387260845,0.5946731959879898,-3.5074567401686685,3.749225903882414,4,4,True
8,1,28,frame_00028_pose.txt,3.2903476376408216,1.3486836997423484,-0.62815400118689,-2.942424117864439,4,7,31,frame_00031_pose.txt,4.311548961818938,-1.9917053098368953,0.8479366806947759,-3.743594434711345,3.736976312748692,3,3,True
8,1,28,frame_00028_pose.txt,3.2903476376408216,1.3486836997423484,-0.62815400118689,-2.942424117864439,5,8,33,frame_00033_pose.txt,4.751731187043953,-2.9324855866936796,1.5055854332545318,-3.461624076706749,4.8080491541289465,5,5,True
8,2,27,frame_00027_pose.txt,3.339887941247862,1.434962650397846,-0.9998263160048981,-2.8577428443708195,1,4,29,frame_00029_pose.txt,3.5589121785520117,0.3674318522039,-0.03450578585875176,-3.5395355860123954,1.6002321723533404,2,2,True
8,2,27,frame_00027_pose.txt,3.339887941247862,1.434962650397846,-0.9998263160048981,-2.8577428443708195,2,5,26,frame_00026_pose.txt,3.883351498202242,2.1946390316746887,-1.3349288017103287,-2.938337477634992,0.8341610576399614,-1,1,False
8,2,27,frame_00027_pose.txt,3.339887941247862,1.434962650397846,-0.9998263160048981,-2.8577428443708195,3,6,32,frame_00032_pose.txt,4.148028007268904,-2.1518191387260845,0.5946731959879898,-3.5074567401686685,3.977068682700577,5,5,True
8,2,27,frame_00027_pose.txt,3.339887941247862,1.434962650397846,-0.9998263160048981,-2.8577428443708195,4,7,31,frame_00031_pose.txt,4.311548961818938,-1.9917053098368953,0.8479366806947759,-3.743594434711345,3.990810854232585,4,4,True
8,2,27,frame_00027_pose.txt,3.339887941247862,1.434962650397846,-0.9998263160048981,-2.8577428443708195,5,8,33,frame_00033_pose.txt,4.751731187043953,-2.9324855866936796,1.5055854332545318,-3.461624076706749,5.067106122901908,6,6,True
8,3,30,frame_00030_pose.txt,3.3785117732328707,-0.7174937020082274,0.4098247885109589,-3.2785508342313014,1,4,29,frame_00029_pose.txt,3.5589121785520117,0.3674318522039,-0.03450578585875176,-3.5395355860123954,1.2021580519849409,-1,1,False
8,3,30,frame_00030_pose.txt,3.3785117732328707,-0.7174937020082274,0.4098247885109589,-3.2785508342313014,2,5,26,frame_00026_pose.txt,3.883351498202242,2.1946390316746887,-1.3349288017103287,-2.938337477634992,3.4139101775556298,-4,4,False
8,3,30,frame_00030_pose.txt,3.3785117732328707,-0.7174937020082274,0.4098247885109589,-3.2785508342313014,3,6,32,frame_00032_pose.txt,4.148028007268904,-2.1518191387260845,0.5946731959879898,-3.5074567401686685,1.4633135890752744,2,2,True
8,3,30,frame_00030_pose.txt,3.3785117732328707,-0.7174937020082274,0.4098247885109589,-3.2785508342313014,4,7,31,frame_00031_pose.txt,4.311548961818938,-1.9917053098368953,0.8479366806947759,-3.743594434711345,1.4223408827544588,1,1,True
8,3,30,frame_00030_pose.txt,3.3785117732328707,-0.7174937020082274,0.4098247885109589,-3.2785508342313014,5,8,33,frame_00033_pose.txt,4.751731187043953,-2.9324855866936796,1.5055854332545318,-3.461624076706749,2.4753916984236723,3,3,True
9,1,612,frame_00612_pose.txt,7.145716485050645,2.677633267124444,-2.84596962882598,5.917742735543192,1,4,617,frame_00617_pose.txt,7.810480039738596,-1.3291746702181446,-2.71138388048588,7.235611662218103,4.219419912074822,5,5,True
9,1,612,frame_00612_pose.txt,7.145716485050645,2.677633267124444,-2.84596962882598,5.917742735543192,2,5,614,frame_00614_pose.txt,8.13556738321176,0.8084185902453593,-2.8613350254446845,7.553452854996311,2.4842110828463295,2,2,True
9,1,612,frame_00612_pose.txt,7.145716485050645,2.677633267124444,-2.84596962882598,5.917742735543192,3,6,609,frame_00609_pose.txt,8.208724960288377,5.017281914409207,-2.861583771031893,5.711720582225762,2.3484981668031026,-3,3,False
9,1,612,frame_00612_pose.txt,7.145716485050645,2.677633267124444,-2.84596962882598,5.917742735543192,4,7,610,frame_00610_pose.txt,8.216947277082003,4.247781708187523,-3.182836052563306,6.1581812706918475,1.6266943897172044,-2,2,False
9,1,612,frame_00612_pose.txt,7.145716485050645,2.677633267124444,-2.84596962882598,5.917742735543192,5,8,616,frame_00616_pose.txt,8.233167395743337,-0.4654404633596915,-2.610972629023266,7.8055465823470485,3.671661622192039,4,4,True
9,2,613,frame_00613_pose.txt,7.61624583155664,2.08734611142516,-2.945601645158352,6.654088106285588,1,4,617,frame_00617_pose.txt,7.810480039738596,-1.3291746702181446,-2.71138388048588,7.235611662218103,3.4728732501795014,4,4,True
9,2,613,frame_00613_pose.txt,7.61624583155664,2.08734611142516,-2.945601645158352,6.654088106285588,2,5,614,frame_00614_pose.txt,8.13556738321176,0.8084185902453593,-2.8613350254446845,7.553452854996311,1.5640230626185945,1,1,True
9,2,613,frame_00613_pose.txt,7.61624583155664,2.08734611142516,-2.945601645158352,6.654088106285588,3,6,609,frame_00609_pose.txt,8.208724960288377,5.017281914409207,-2.861583771031893,5.711720582225762,3.080031375304467,-4,4,False
9,2,613,frame_00613_pose.txt,7.61624583155664,2.08734611142516,-2.945601645158352,6.654088106285588,4,7,610,frame_00610_pose.txt,8.216947277082003,4.247781708187523,-3.182836052563306,6.1581812706918475,2.2258665409403076,-3,3,False
9,2,613,frame_00613_pose.txt,7.61624583155664,2.08734611142516,-2.945601645158352,6.654088106285588,5,8,616,frame_00616_pose.txt,8.233167395743337,-0.4654404633596915,-2.610972629023266,7.8055465823470485,2.8182853903967886,3,3,True
9,3,611,frame_00611_pose.txt,7.676959413535611,3.5660720470609393,-2.955311437062708,6.033071528310305,1,4,617,frame_00617_pose.txt,7.810480039738596,-1.3291746702181446,-2.71138388048588,7.235611662218103,5.045376558053866,6,6,True
9,3,611,frame_00611_pose.txt,7.676959413535611,3.5660720470609393,-2.955311437062708,6.033071528310305,2,5,614,frame_00614_pose.txt,8.13556738321176,0.8084185902453593,-2.8613350254446845,7.553452854996311,3.1486735147755653,3,3,True
9,3,611,frame_00611_pose.txt,7.676959413535611,3.5660720470609393,-2.955311437062708,6.033071528310305,3,6,609,frame_00609_pose.txt,8.208724960288377,5.017281914409207,-2.861583771031893,5.711720582225762,1.4905949771597529,-2,2,False
9,3,611,frame_00611_pose.txt,7.676959413535611,3.5660720470609393,-2.955311437062708,6.033071528310305,4,7,610,frame_00610_pose.txt,8.216947277082003,4.247781708187523,-3.182836052563306,6.1581812706918475,0.7320085248685586,-1,1,False
9,3,611,frame_00611_pose.txt,7.676959413535611,3.5660720470609393,-2.955311437062708,6.033071528310305,5,8,616,frame_00616_pose.txt,8.233167395743337,-0.4654404633596915,-2.610972629023266,7.8055465823470485,4.413654361684935,5,5,True
10,1,425,frame_00425_pose.txt,3.1118123283452315,0.5390458406150647,-1.3343858098844903,-2.7653799309128493,1,4,218,frame_00218_pose.txt,5.0929473748250285,1.0472934688261926,-4.0264703338806545,-2.975164611821497,2.7449051111224394,-207,207,False
10,1,425,frame_00425_pose.txt,3.1118123283452315,0.5390458406150647,-1.3343858098844903,-2.7653799309128493,2,5,219,frame_00219_pose.txt,5.318080346621485,-1.2933211086919025,-4.714470761863387,-2.042052239245906,3.9078966383419322,-206,206,False
10,1,425,frame_00425_pose.txt,3.1118123283452315,0.5390458406150647,-1.3343858098844903,-2.7653799309128493,3,6,423,frame_00423_pose.txt,5.393277168498456,4.138144496288034,-1.8347787931533486,-3.0002231128133303,3.63985521439599,-2,2,False
10,1,425,frame_00425_pose.txt,3.1118123283452315,0.5390458406150647,-1.3343858098844903,-2.7653799309128493,4,7,422,frame_00422_pose.txt,5.601115463200718,5.1356927272680695,-0.752246504493875,-2.140513896305988,4.671128629970681,-3,3,False
10,1,425,frame_00425_pose.txt,3.1118123283452315,0.5390458406150647,-1.3343858098844903,-2.7653799309128493,5,8,217,frame_00217_pose.txt,5.68617848829525,4.012245586119359,-3.857030082624072,-1.311384971925087,4.563888141065387,-208,208,False
10,2,424,frame_00424_pose.txt,4.107432320834541,2.6999269114549564,-1.6465338521103723,-2.660553762190652,1,4,218,frame_00218_pose.txt,5.0929473748250285,1.0472934688261926,-4.0264703338806545,-2.975164611821497,2.9061855525461984,-206,206,False
10,2,424,frame_00424_pose.txt,4.107432320834541,2.6999269114549564,-1.6465338521103723,-2.660553762190652,2,5,219,frame_00219_pose.txt,5.318080346621485,-1.2933211086919025,-4.714470761863387,-2.042052239245906,5.077704631438356,-205,205,False
10,2,424,frame_00424_pose.txt,4.107432320834541,2.6999269114549564,-1.6465338521103723,-2.660553762190652,3,6,423,frame_00423_pose.txt,5.393277168498456,4.138144496288034,-1.8347787931533486,-3.0002231128133303,1.4870424238528592,-1,1,False
10,2,424,frame_00424_pose.txt,4.107432320834541,2.6999269114549564,-1.6465338521103723,-2.660553762190652,4,7,422,frame_00422_pose.txt,5.601115463200718,5.1356927272680695,-0.752246504493875,-2.140513896305988,2.633865137629882,-2,2,False
10,2,424,frame_00424_pose.txt,4.107432320834541,2.6999269114549564,-1.6465338521103723,-2.660553762190652,5,8,217,frame_00217_pose.txt,5.68617848829525,4.012245586119359,-3.857030082624072,-1.311384971925087,2.9627026077757828,-207,207,False
10,3,426,frame_00426_pose.txt,4.742384633872945,-2.1191433264032695,-0.45991064505522267,-4.209377810323847,1,4,218,frame_00218_pose.txt,5.0929473748250285,1.0472934688261926,-4.0264703338806545,-2.975164611821497,4.917684431551772,-208,208,False
10,3,426,frame_00426_pose.txt,4.742384633872945,-2.1191433264032695,-0.45991064505522267,-4.209377810323847,2,5,219,frame_00219_pose.txt,5.318080346621485,-1.2933211086919025,-4.714470761863387,-2.042052239245906,4.788295852416688,-207,207,False
10,3,426,frame_00426_pose.txt,4.742384633872945,-2.1191433264032695,-0.45991064505522267,-4.209377810323847,3,6,423,frame_00423_pose.txt,5.393277168498456,4.138144496288034,-1.8347787931533486,-3.0002231128133303,6.523796028605233,-3,3,False
10,3,426,frame_00426_pose.txt,4.742384633872945,-2.1191433264032695,-0.45991064505522267,-4.209377810323847,4,7,422,frame_00422_pose.txt,5.601115463200718,5.1356927272680695,-0.752246504493875,-2.140513896305988,7.55124013899647,-4,4,False
10,3,426,frame_00426_pose.txt,4.742384633872945,-2.1191433264032695,-0.45991064505522267,-4.209377810323847,5,8,217,frame_00217_pose.txt,5.68617848829525,4.012245586119359,-3.857030082624072,-1.311384971925087,7.6049953197145665,-209,209,False
11,1,382,frame_00382_pose.txt,5.542398863385353,-0.07129370016523352,4.407010746954764,-3.364000184808124,1,4,384,frame_00384_pose.txt,6.520141166286665,2.7550640300293994,4.714816047970446,-3.4526999380201526,2.8447890635653645,2,2,True
11,1,382,frame_00382_pose.txt,5.542398863385353,-0.07129370016523352,4.407010746954764,-3.364000184808124,2,5,380,frame_00380_pose.txt,7.036646846018609,-5.311176761331866,4.108188407839076,-2.3075336703825515,5.350796354396455,-2,2,False
11,1,382,frame_00382_pose.txt,5.542398863385353,-0.07129370016523352,4.407010746954764,-3.364000184808124,3,6,385,frame_00385_pose.txt,7.382256755071642,4.4042776204795295,4.9850706274730605,-3.0192138356478506,4.523972476316564,3,3,True
11,1,382,frame_00382_pose.txt,5.542398863385353,-0.07129370016523352,4.407010746954764,-3.364000184808124,4,7,379,frame_00379_pose.txt,7.705001470518811,-6.370948488667797,3.937617622640946,-2.046591244746112,6.4476093629681985,-3,3,False
11,1,382,frame_00382_pose.txt,5.542398863385353,-0.07129370016523352,4.407010746954764,-3.364000184808124,5,8,482,frame_00482_pose.txt,7.759510454538461,-3.038644095536809,-4.5508504613878635,-5.384660452111824,9.699736688240822,100,100,True
11,2,383,frame_00383_pose.txt,5.823599761505013,1.007787310177734,4.883998906129644,-2.9658885392906256,1,4,384,frame_00384_pose.txt,6.520141166286665,2.7550640300293994,4.714816047970446,-3.4526999380201526,1.820719775584027,1,1,True
11,2,383,frame_00383_pose.txt,5.823599761505013,1.007787310177734,4.883998906129644,-2.9658885392906256,2,5,380,frame_00380_pose.txt,7.036646846018609,-5.311176761331866,4.108188407839076,-2.3075336703825515,6.397354043561054,-3,3,False
11,2,383,frame_00383_pose.txt,5.823599761505013,1.007787310177734,4.883998906129644,-2.9658885392906256,3,6,385,frame_00385_pose.txt,7.382256755071642,4.4042776204795295,4.9850706274730605,-3.0192138356478506,3.398347638939518,2,2,True
11,2,383,frame_00383_pose.txt,5.823599761505013,1.007787310177734,4.883998906129644,-2.9658885392906256,4,7,379,frame_00379_pose.txt,7.705001470518811,-6.370948488667797,3.937617622640946,-2.046591244746112,7.490357506341802,-4,4,False
11,2,383,frame_00383_pose.txt,5.823599761505013,1.007787310177734,4.883998906129644,-2.9658885392906256,5,8,482,frame_00482_pose.txt,7.759510454538461,-3.038644095536809,-4.5508504613878635,-5.384660452111824,10.582820391726864,99,99,True
11,3,381,frame_00381_pose.txt,6.191486750343264,-3.750645824719458,4.162805020894486,-2.7765881198373337,1,4,384,frame_00384_pose.txt,6.520141166286665,2.7550640300293994,4.714816047970446,-3.4526999380201526,6.563400708401447,3,3,True
11,3,381,frame_00381_pose.txt,6.191486750343264,-3.750645824719458,4.162805020894486,-2.7765881198373337,2,5,380,frame_00380_pose.txt,7.036646846018609,-5.311176761331866,4.108188407839076,-2.3075336703825515,1.6287180193588682,-1,1,False
11,3,381,frame_00381_pose.txt,6.191486750343264,-3.750645824719458,4.162805020894486,-2.7765881198373337,3,6,385,frame_00385_pose.txt,7.382256755071642,4.4042776204795295,4.9850706274730605,-3.0192138356478506,8.199723399288706,4,4,True
11,3,381,frame_00381_pose.txt,6.191486750343264,-3.750645824719458,4.162805020894486,-2.7765881198373337,4,7,379,frame_00379_pose.txt,7.705001470518811,-6.370948488667797,3.937617622640946,-2.046591244746112,2.724131427033476,-2,2,False
11,3,381,frame_00381_pose.txt,6.191486750343264,-3.750645824719458,4.162805020894486,-2.7765881198373337,5,8,482,frame_00482_pose.txt,7.759510454538461,-3.038644095536809,-4.5508504613878635,-5.384660452111824,9.268813524627625,101,101,True
12,1,278,frame_00278_pose.txt,5.175222155830637,1.6269612298521365,4.556582656496975,-1.7730534663418687,1,4,276,frame_00276_pose.txt,5.416392000835242,0.05810078164603989,4.954046348632048,-2.1870366654521756,1.673125695318188,-2,2,False
12,1,278,frame_00278_pose.txt,5.175222155830637,1.6269612298521365,4.556582656496975,-1.7730534663418687,2,5,275,frame_00275_pose.txt,5.513254075143395,-1.433609150818553,5.0414593495960105,-1.775931812587214,3.0990003909049992,-3,3,False
12,1,278,frame_00278_pose.txt,5.175222155830637,1.6269612298521365,4.556582656496975,-1.7730534663418687,3,6,273,frame_00273_pose.txt,5.784221881751725,-2.379902545389918,5.08392930656125,-1.5074644214633457,4.050588322549737,-5,5,False
12,1,278,frame_00278_pose.txt,5.175222155830637,1.6269612298521365,4.556582656496975,-1.7730534663418687,4,7,279,frame_00279_pose.txt,5.966963889418739,2.93122928075534,4.63062557605821,-2.246185443483427,1.3920353956983822,1,1,True
12,1,278,frame_00278_pose.txt,5.175222155830637,1.6269612298521365,4.556582656496975,-1.7730534663418687,5,8,272,frame_00272_pose.txt,6.293185356788604,-3.2674882210096734,5.2485573533861185,-1.337602963237032,4.963538736435978,-6,6,False
12,2,274,frame_00274_pose.txt,5.204359320051479,-1.6586004143902102,4.762537336140448,-1.357620863349695,1,4,276,frame_00276_pose.txt,5.416392000835242,0.05810078164603989,4.954046348632048,-2.1870366654521756,1.9148975712174112,2,2,True
12,2,274,frame_00274_pose.txt,5.204359320051479,-1.6586004143902102,4.762537336140448,-1.357620863349695,2,5,275,frame_00275_pose.txt,5.513254075143395,-1.433609150818553,5.0414593495960105,-1.775931812587214,0.5427327303330113,1,1,True
12,2,274,frame_00274_pose.txt,5.204359320051479,-1.6586004143902102,4.762537336140448,-1.357620863349695,3,6,273,frame_00273_pose.txt,5.784221881751725,-2.379902545389918,5.08392930656125,-1.5074644214633457,0.8002593407572696,-1,1,False
12,2,274,frame_00274_pose.txt,5.204359320051479,-1.6586004143902102,4.762537336140448,-1.357620863349695,4,7,279,frame_00279_pose.txt,5.966963889418739,2.93122928075534,4.63062557605821,-2.246185443483427,4.676623043036123,5,5,True
12,2,274,frame_00274_pose.txt,5.204359320051479,-1.6586004143902102,4.762537336140448,-1.357620863349695,5,8,272,frame_00272_pose.txt,6.293185356788604,-3.2674882210096734,5.2485573533861185,-1.337602963237032,1.6811198361132704,-2,2,False
12,3,277,frame_00277_pose.txt,5.3547360258379575,0.9738860811775211,4.899569602403437,-1.8880227963700886,1,4,276,frame_00276_pose.txt,5.416392000835242,0.05810078164603989,4.954046348632048,-2.1870366654521756,0.9651252098881771,-1,1,False
12,3,277,frame_00277_pose.txt,5.3547360258379575,0.9738860811775211,4.899569602403437,-1.8880227963700886,2,5,275,frame_00275_pose.txt,5.513254075143395,-1.433609150818553,5.0414593495960105,-1.775931812587214,2.413874478914281,-2,2,False
12,3,277,frame_00277_pose.txt,5.3547360258379575,0.9738860811775211,4.899569602403437,-1.8880227963700886,3,6,273,frame_00273_pose.txt,5.784221881751725,-2.379902545389918,5.08392930656125,-1.5074644214633457,3.3803328673377613,-4,4,False
12,3,277,frame_00277_pose.txt,5.3547360258379575,0.9738860811775211,4.899569602403437,-1.8880227963700886,4,7,279,frame_00279_pose.txt,5.966963889418739,2.93122928075534,4.63062557605821,-2.246185443483427,2.0065005708412422,2,2,True
12,3,277,frame_00277_pose.txt,5.3547360258379575,0.9738860811775211,4.899569602403437,-1.8880227963700886,5,8,272,frame_00272_pose.txt,6.293185356788604,-3.2674882210096734,5.2485573533861185,-1.337602963237032,4.292110794512401,-5,5,False
13,1,215,frame_00215_pose.txt,5.196141421256415,0.935159879244046,4.311954776232094,2.7807209059437668,1,4,217,frame_00217_pose.txt,5.649920789455249,-1.1538657711946088,4.142852852117422,3.623779735164,2.2588236851549355,2,2,True
13,1,215,frame_00215_pose.txt,5.196141421256415,0.935159879244046,4.311954776232094,2.7807209059437668,2,5,218,frame_00218_pose.txt,5.892926432107833,-2.0073675874206627,3.780883168478707,3.9852770336187806,3.2217240103552394,3,3,True
13,1,215,frame_00215_pose.txt,5.196141421256415,0.935159879244046,4.311954776232094,2.7807209059437668,3,6,213,frame_00213_pose.txt,5.9473656635775,3.06886979887653,4.416675152022261,2.6624052117689803,2.139147659926249,-2,2,False
13,1,215,frame_00215_pose.txt,5.196141421256415,0.935159879244046,4.311954776232094,2.7807209059437668,4,7,212,frame_00212_pose.txt,6.403555511482606,4.050954163556093,4.360719860687653,2.5237965941005838,3.1271755816415068,-3,3,False
13,1,215,frame_00215_pose.txt,5.196141421256415,0.935159879244046,4.311954776232094,2.7807209059437668,5,8,219,frame_00219_pose.txt,6.548587887150872,-3.5630643034838534,3.902774281041872,3.7497708117959987,4.617645557323509,4,4,True
13,2,216,frame_00216_pose.txt,5.274319201576206,-0.2537128912995705,4.008272204161411,3.4105848172281465,1,4,217,frame_00217_pose.txt,5.649920789455249,-1.1538657711946088,4.142852852117422,3.623779735164,0.9349602554024233,1,1,True
13,2,216,frame_00216_pose.txt,5.274319201576206,-0.2537128912995705,4.008272204161411,3.4105848172281465,2,5,218,frame_00218_pose.txt,5.892926432107833,-2.0073675874206627,3.780883168478707,3.9852770336187806,1.8581105959591417,2,2,True
13,2,216,frame_00216_pose.txt,5.274319201576206,-0.2537128912995705,4.008272204161411,3.4105848172281465,3,6,213,frame_00213_pose.txt,5.9473656635775,3.06886979887653,4.416675152022261,2.6624052117689803,3.4319694015311217,-3,3,False
13,2,216,frame_00216_pose.txt,5.274319201576206,-0.2537128912995705,4.008272204161411,3.4105848172281465,4,7,212,frame_00212_pose.txt,6.403555511482606,4.050954163556093,4.360719860687653,2.5237965941005838,4.411656630263155,-4,4,False
13,2,216,frame_00216_pose.txt,5.274319201576206,-0.2537128912995705,4.008272204161411,3.4105848172281465,5,8,219,frame_00219_pose.txt,6.548587887150872,-3.5630643034838534,3.902774281041872,3.7497708117959987,3.328144416508322,3,3,True
13,3,214,frame_00214_pose.txt,5.302913399181563,1.95416472363291,4.0732929350595874,2.8481709902801615,1,4,217,frame_00217_pose.txt,5.649920789455249,-1.1538657711946088,4.142852852117422,3.623779735164,3.2038741375283206,3,3,True
13,3,214,frame_00214_pose.txt,5.302913399181563,1.95416472363291,4.0732929350595874,2.8481709902801615,2,5,218,frame_00218_pose.txt,5.892926432107833,-2.0073675874206627,3.780883168478707,3.9852770336187806,4.131792776926524,4,4,True
13,3,214,frame_00214_pose.txt,5.302913399181563,1.95416472363291,4.0732929350595874,2.8481709902801615,3,6,213,frame_00213_pose.txt,5.9473656635775,3.06886979887653,4.416675152022261,2.6624052117689803,1.182321432775223,-1,1,False
13,3,214,frame_00214_pose.txt,5.302913399181563,1.95416472363291,4.0732929350595874,2.8481709902801615,4,7,212,frame_00212_pose.txt,6.403555511482606,4.050954163556093,4.360719860687653,2.5237965941005838,2.143736439829389,-2,2,False
13,3,214,frame_00214_pose.txt,5.302913399181563,1.95416472363291,4.0732929350595874,2.8481709902801615,5,8,219,frame_00219_pose.txt,6.548587887150872,-3.5630643034838534,3.902774281041872,3.7497708117959987,5.59264021560168,5,5,True
14,1,792,frame_00792_pose.txt,0.7579574456676567,-0.23211967470826061,-0.4956922662708024,0.5226242036231074,1,4,26,frame_00026_pose.txt,2.5107761605495287,-0.3617597822123085,2.481181035345694,-0.13421992392751278,3.0485170803184096,-766,766,False
14,1,792,frame_00792_pose.txt,0.7579574456676567,-0.23211967470826061,-0.4956922662708024,0.5226242036231074,2,5,21,frame_00021_pose.txt,2.525122159505874,-0.6012899145253943,2.4261019899401983,-0.37273154266644276,3.0722551427625917,-771,771,False
14,1,792,frame_00792_pose.txt,0.7579574456676567,-0.23211967470826061,-0.4956922662708024,0.5226242036231074,3,6,15,frame_00015_pose.txt,2.5283712689715467,-0.6577471052803561,2.4217304575171634,-0.3213864161736446,3.061083195706186,-777,777,False
14,1,792,frame_00792_pose.txt,0.7579574456676567,-0.23211967470826061,-0.4956922662708024,0.5226242036231074,4,7,19,frame_00019_pose.txt,2.5561432427620057,0.0802719799424056,2.489892141605,-0.5713860577097363,3.193974016048641,-773,773,False
14,1,792,frame_00792_pose.txt,0.7579574456676567,-0.23211967470826061,-0.4956922662708024,0.5226242036231074,5,8,10,frame_00010_pose.txt,2.565120439533524,-0.6679579033365073,2.4699741816410765,-0.19779143334980692,3.0777879459040127,-782,782,False
14,2,20,frame_00020_pose.txt,2.2848093680666035,-0.4693587123177995,2.2044549981703243,-0.38265357098685343,1,4,26,frame_00026_pose.txt,2.5107761605495287,-0.3617597822123085,2.481181035345694,-0.13421992392751278,0.390938315118041,6,6,True
14,2,20,frame_00020_pose.txt,2.2848093680666035,-0.4693587123177995,2.2044549981703243,-0.38265357098685343,2,5,21,frame_00021_pose.txt,2.525122159505874,-0.6012899145253943,2.4261019899401983,-0.37273154266644276,0.258861110313275,1,1,True
14,2,20,frame_00020_pose.txt,2.2848093680666035,-0.4693587123177995,2.2044549981703243,-0.38265357098685343,3,6,15,frame_00015_pose.txt,2.5283712689715467,-0.6577471052803561,2.4217304575171634,-0.3213864161736446,0.29777976844088266,-5,5,False
14,2,20,frame_00020_pose.txt,2.2848093680666035,-0.4693587123177995,2.2044549981703243,-0.38265357098685343,4,7,19,frame_00019_pose.txt,2.5561432427620057,0.0802719799424056,2.489892141605,-0.5713860577097363,0.6474831129251063,-1,1,False
14,2,20,frame_00020_pose.txt,2.2848093680666035,-0.4693587123177995,2.2044549981703243,-0.38265357098685343,5,8,10,frame_00010_pose.txt,2.565120439533524,-0.6679579033365073,2.4699741816410765,-0.19779143334980692,0.38161633765032044,-10,10,False
14,3,793,frame_00793_pose.txt,2.450544467176741,2.39274757989528,-0.5282376155546471,0.018969870305730656,1,4,26,frame_00026_pose.txt,2.5107761605495287,-0.3617597822123085,2.481181035345694,-0.13421992392751278,4.084495431128146,-767,767,False
14,3,793,frame_00793_pose.txt,2.450544467176741,2.39274757989528,-0.5282376155546471,0.018969870305730656,2,5,21,frame_00021_pose.txt,2.525122159505874,-0.6012899145253943,2.4261019899401983,-0.37273154266644276,4.228412113849354,-772,772,False
14,3,793,frame_00793_pose.txt,2.450544467176741,2.39274757989528,-0.5282376155546471,0.018969870305730656,3,6,15,frame_00015_pose.txt,2.5283712689715467,-0.6577471052803561,2.4217304575171634,-0.3213864161736446,4.260644747066161,-778,778,False
14,3,793,frame_00793_pose.txt,2.450544467176741,2.39274757989528,-0.5282376155546471,0.018969870305730656,4,7,19,frame_00019_pose.txt,2.5561432427620057,0.0802719799424056,2.489892141605,-0.5713860577097363,3.8574999293417642,-774,774,False
14,3,793,frame_00793_pose.txt,2.450544467176741,2.39274757989528,-0.5282376155546471,0.018969870305730656,5,8,10,frame_00010_pose.txt,2.565120439533524,-0.6679579033365073,2.4699741816410765,-0.19779143334980692,4.292003547018923,-783,783,False
15,1,389,frame_00389_pose.txt,4.284408531040865,3.54280509269573,2.341878090849001,-0.4999340364126514,1,4,392,frame_00392_pose.txt,7.310337957319357,4.519635207393911,-5.6889412708851035,-1.0718010284410866,8.070174895999111,3,3,True
15,1,389,frame_00389_pose.txt,4.284408531040865,3.54280509269573,2.341878090849001,-0.4999340364126514,2,5,388,frame_00388_pose.txt,7.926203969406802,5.829179748928884,5.348606385947897,-0.30880727456799184,3.7693984186204053,-1,1,False
15,1,389,frame_00389_pose.txt,4.284408531040865,3.54280509269573,2.341878090849001,-0.4999340364126514,3,6,393,frame_00393_pose.txt,9.028465299163006,4.382171374955805,-7.864857259982828,-1.0601003133101923,10.217768947580671,4,4,True
15,1,389,frame_00389_pose.txt,4.284408531040865,3.54280509269573,2.341878090849001,-0.4999340364126514,4,7,434,frame_00434_pose.txt,9.766077462025752,6.179346459327798,5.265892727358737,-5.158212818379535,6.284604052024718,45,45,True
15,1,389,frame_00389_pose.txt,4.284408531040865,3.54280509269573,2.341878090849001,-0.4999340364126514,5,8,427,frame_00427_pose.txt,10.260362090944346,6.822970900397142,-3.451932467563823,-7.056498961751169,8.966353387995076,38,38,True
15,2,390,frame_00390_pose.txt,4.933289379376864,4.704588264510489,-0.7851987220626719,-1.292599719514829,1,4,392,frame_00392_pose.txt,7.310337957319357,4.519635207393911,-5.6889412708851035,-1.0718010284410866,4.930081782539185,2,2,True
15,2,390,frame_00390_pose.txt,4.933289379376864,4.704588264510489,-0.7851987220626719,-1.292599719514829,2,5,388,frame_00388_pose.txt,7.926203969406802,5.829179748928884,5.348606385947897,-0.30880727456799184,6.224689911507466,-2,2,False
15,2,390,frame_00390_pose.txt,4.933289379376864,4.704588264510489,-0.7851987220626719,-1.292599719514829,3,6,393,frame_00393_pose.txt,9.028465299163006,4.382171374955805,-7.864857259982828,-1.0601003133101923,7.109275802286867,3,3,True
15,2,390,frame_00390_pose.txt,4.933289379376864,4.704588264510489,-0.7851987220626719,-1.292599719514829,4,7,434,frame_00434_pose.txt,9.766077462025752,6.179346459327798,5.265892727358737,-5.158212818379535,7.625763155928544,44,44,True
15,2,390,frame_00390_pose.txt,4.933289379376864,4.704588264510489,-0.7851987220626719,-1.292599719514829,5,8,427,frame_00427_pose.txt,10.260362090944346,6.822970900397142,-3.451932467563823,-7.056498961751169,6.459555889508423,37,37,True
15,3,391,frame_00391_pose.txt,5.871121929156932,4.671232599814492,-3.2756590416135225,-1.528040340235717,1,4,392,frame_00392_pose.txt,7.310337957319357,4.519635207393911,-5.6889412708851035,-1.0718010284410866,2.4965346963578043,1,1,True
15,3,391,frame_00391_pose.txt,5.871121929156932,4.671232599814492,-3.2756590416135225,-1.528040340235717,2,5,388,frame_00388_pose.txt,7.926203969406802,5.829179748928884,5.348606385947897,-0.30880727456799184,8.676147099150503,-3,3,False
15,3,391,frame_00391_pose.txt,5.871121929156932,4.671232599814492,-3.2756590416135225,-1.528040340235717,3,6,393,frame_00393_pose.txt,9.028465299163006,4.382171374955805,-7.864857259982828,-1.0601003133101923,4.65864378216607,2,2,True
15,3,391,frame_00391_pose.txt,5.871121929156932,4.671232599814492,-3.2756590416135225,-1.528040340235717,4,7,434,frame_00434_pose.txt,9.766077462025752,6.179346459327798,5.265892727358737,-5.158212818379535,9.70787016028225,43,43,True
15,3,391,frame_00391_pose.txt,5.871121929156932,4.671232599814492,-3.2756590416135225,-1.528040340235717,5,8,427,frame_00427_pose.txt,10.260362090944346,6.822970900397142,-3.451932467563823,-7.056498961751169,5.918416966682142,36,36,True
16,1,503,frame_00503_pose.txt,0.753613751423208,-0.44822253307439686,0.09937802634673286,-0.5980881910632099,1,4,501,frame_00501_pose.txt,1.687127371210275,-0.8953117343854757,1.2782159148774268,-0.6512144366596826,1.2612595717701256,-2,2,False
16,1,503,frame_00503_pose.txt,0.753613751423208,-0.44822253307439686,0.09937802634673286,-0.5980881910632099,2,5,505,frame_00505_pose.txt,1.698763719788313,-0.9291028483526739,-1.3338889272527028,-0.48266122637669945,1.5148288544528825,2,2,True
16,1,503,frame_00503_pose.txt,0.753613751423208,-0.44822253307439686,0.09937802634673286,-0.5980881910632099,3,6,506,frame_00506_pose.txt,1.7492321672027735,-0.5674635019878856,-1.566040106973399,-0.5225957842597454,1.6719335678481182,3,3,True
16,1,503,frame_00503_pose.txt,0.753613751423208,-0.44822253307439686,0.09937802634673286,-0.5980881910632099,4,7,500,frame_00500_pose.txt,1.9997159907690298,-0.3227351479533301,1.7807415243923197,-0.8561929231998746,1.7037232676848182,-3,3,False
16,1,503,frame_00503_pose.txt,0.753613751423208,-0.44822253307439686,0.09937802634673286,-0.5980881910632099,5,8,564,frame_00564_pose.txt,2.075454869868419,-1.257187019376964,1.3405698640333015,-0.9797951564292733,1.5248927426272578,61,61,True
16,2,504,frame_00504_pose.txt,1.3190770318529976,-0.5779635345728888,-0.8403953397826578,-0.8332214716637046,1,4,501,frame_00501_pose.txt,1.687127371210275,-0.8953117343854757,1.2782159148774268,-0.6512144366596826,2.1518766938480796,-3,3,False
16,2,504,frame_00504_pose.txt,1.3190770318529976,-0.5779635345728888,-0.8403953397826578,-0.8332214716637046,2,5,505,frame_00505_pose.txt,1.698763719788313,-0.9291028483526739,-1.3338889272527028,-0.48266122637669945,0.6953410230006914,1,1,True
16,2,504,frame_00504_pose.txt,1.3190770318529976,-0.5779635345728888,-0.8403953397826578,-0.8332214716637046,3,6,506,frame_00506_pose.txt,1.7492321672027735,-0.5674635019878856,-1.566040106973399,-0.5225957842597454,0.7881382851263078,2,2,True
16,2,504,frame_00504_pose.txt,1.3190770318529976,-0.5779635345728888,-0.8403953397826578,-0.8332214716637046,4,7,500,frame_00500_pose.txt,1.9997159907690298,-0.3227351479533301,1.7807415243923197,-0.8561929231998746,2.632998068257963,-4,4,False
16,2,504,frame_00504_pose.txt,1.3190770318529976,-0.5779635345728888,-0.8403953397826578,-0.8332214716637046,5,8,564,frame_00564_pose.txt,2.075454869868419,-1.257187019376964,1.3405698640333015,-0.9797951564292733,2.2861171783280256,60,60,True
16,3,502,frame_00502_pose.txt,1.676389784931741,-0.7733099879111367,0.9247748287597349,-1.1725915188340268,1,4,501,frame_00501_pose.txt,1.687127371210275,-0.8953117343854757,1.2782159148774268,-0.6512144366596826,0.6432464560362181,-1,1,False
16,3,502,frame_00502_pose.txt,1.676389784931741,-0.7733099879111367,0.9247748287597349,-1.1725915188340268,2,5,505,frame_00505_pose.txt,1.698763719788313,-0.9291028483526739,-1.3338889272527028,-0.48266122637669945,2.3563177534551847,3,3,True
16,3,502,frame_00502_pose.txt,1.676389784931741,-0.7733099879111367,0.9247748287597349,-1.1725915188340268,3,6,506,frame_00506_pose.txt,1.7492321672027735,-0.5674635019878856,-1.566040106973399,-0.5225957842597454,2.5752691172704205,4,4,True
16,3,502,frame_00502_pose.txt,1.676389784931741,-0.7733099879111367,0.9247748287597349,-1.1725915188340268,4,7,500,frame_00500_pose.txt,1.9997159907690298,-0.3227351479533301,1.7807415243923197,-0.8561929231998746,1.0183436236770118,-2,2,False
16,3,502,frame_00502_pose.txt,1.676389784931741,-0.7733099879111367,0.9247748287597349,-1.1725915188340268,5,8,564,frame_00564_pose.txt,2.075454869868419,-1.257187019376964,1.3405698640333015,-0.9797951564292733,0.6653249176985716,62,62,True
17,1,138,frame_00138_pose.txt,5.497427920743279,5.3052013244583645,-0.3301741358857826,-1.4183493113577121,1,4,137,frame_00137_pose.txt,6.746322005678837,6.398906003083032,1.4886971058653935,-1.4547330944949406,2.1253228035780225,-1,1,False
17,1,138,frame_00138_pose.txt,5.497427920743279,5.3052013244583645,-0.3301741358857826,-1.4183493113577121,2,5,141,frame_00141_pose.txt,7.788102721679272,5.918806659718355,-4.959329102483007,-1.3130739582804034,4.681113222655296,3,3,True
17,1,138,frame_00138_pose.txt,5.497427920743279,5.3052013244583645,-0.3301741358857826,-1.4183493113577121,3,6,136,frame_00136_pose.txt,7.971571702569403,7.011585583342732,3.3698407091516698,-1.5512114597520095,4.089546749727558,-2,2,False
17,1,138,frame_00138_pose.txt,5.497427920743279,5.3052013244583645,-0.3301741358857826,-1.4183493113577121,4,7,415,frame_00415_pose.txt,8.192255739064931,4.232299663926134,6.427695984423289,3.060782492678814,7.863106646266004,277,277,True
17,1,138,frame_00138_pose.txt,5.497427920743279,5.3052013244583645,-0.3301741358857826,-1.4183493113577121,5,8,135,frame_00135_pose.txt,8.195270857954112,5.9352797608278385,5.49168675856844,-1.0893101345754588,5.8329359305143935,-3,3,False
17,2,139,frame_00139_pose.txt,5.683575636087276,5.173537971949183,-1.8709141919432692,-1.515031650557561,1,4,137,frame_00137_pose.txt,6.746322005678837,6.398906003083032,1.4886971058653935,-1.4547330944949406,3.5707130299880774,-2,2,False
17,2,139,frame_00139_pose.txt,5.683575636087276,5.173537971949183,-1.8709141919432692,-1.515031650557561,2,5,141,frame_00141_pose.txt,7.788102721679272,5.918806659718355,-4.959329102483007,-1.3130739582804034,3.2026996885087224,2,2,True
17,2,139,frame_00139_pose.txt,5.683575636087276,5.173537971949183,-1.8709141919432692,-1.515031650557561,3,6,136,frame_00136_pose.txt,7.971571702569403,7.011585583342732,3.3698407091516698,-1.5512114597520095,5.557415763080642,-3,3,False
17,2,139,frame_00139_pose.txt,5.683575636087276,5.173537971949183,-1.8709141919432692,-1.515031650557561,4,7,415,frame_00415_pose.txt,8.192255739064931,4.232299663926134,6.427695984423289,3.060782492678814,9.188628788394317,276,276,True
17,2,139,frame_00139_pose.txt,5.683575636087276,5.173537971949183,-1.8709141919432692,-1.515031650557561,5,8,135,frame_00135_pose.txt,8.195270857954112,5.9352797608278385,5.49168675856844,-1.0893101345754588,7.37308207335314,-4,4,False
17,3,140,frame_00140_pose.txt,5.9001767560667195,4.5883657983472865,-3.3964536200295665,-1.6353901533500623,1,4,137,frame_00137_pose.txt,6.746322005678837,6.398906003083032,1.4886971058653935,-1.4547330944949406,5.196474336513518,-3,3,False
17,3,140,frame_00140_pose.txt,5.9001767560667195,4.5883657983472865,-3.3964536200295665,-1.6353901533500623,2,5,141,frame_00141_pose.txt,7.788102721679272,5.918806659718355,-4.959329102483007,-1.3130739582804034,2.1001962085077808,1,1,True
17,3,140,frame_00140_pose.txt,5.9001767560667195,4.5883657983472865,-3.3964536200295665,-1.6353901533500623,3,6,136,frame_00136_pose.txt,7.971571702569403,7.011585583342732,3.3698407091516698,-1.5512114597520095,7.179234363568397,-4,4,False
17,3,140,frame_00140_pose.txt,5.9001767560667195,4.5883657983472865,-3.3964536200295665,-1.6353901533500623,4,7,415,frame_00415_pose.txt,8.192255739064931,4.232299663926134,6.427695984423289,3.060782492678814,10.561724323656142,275,275,True
17,3,140,frame_00140_pose.txt,5.9001767560667195,4.5883657983472865,-3.3964536200295665,-1.6353901533500623,5,8,135,frame_00135_pose.txt,8.195270857954112,5.9352797608278385,5.49168675856844,-1.0893101345754588,8.956425163571788,-5,5,False
18,1,207,frame_00207_pose.txt,3.7830766219473193,-3.3554495914288927,0.6886200794157806,1.5867095563540137,1,4,208,frame_00208_pose.txt,4.322205461458372,-3.9930304817613886,-0.6695836112103202,1.5357659974263602,1.5044671980726294,1,1,True
18,1,207,frame_00207_pose.txt,3.7830766219473193,-3.3554495914288927,0.6886200794157806,1.5867095563540137,2,5,209,frame_00209_pose.txt,4.344574824218714,-3.760067943206416,-1.6993567244360304,1.4183801133460237,2.43714759678054,2,2,True
18,1,207,frame_00207_pose.txt,3.7830766219473193,-3.3554495914288927,0.6886200794157806,1.5867095563540137,3,6,265,frame_00265_pose.txt,4.3604289891730525,-3.538119052870265,-1.2828202897571657,2.242728744594733,2.047437938354958,58,58,True
18,1,207,frame_00207_pose.txt,3.7830766219473193,-3.3554495914288927,0.6886200794157806,1.5867095563540137,4,7,266,frame_00266_pose.txt,4.684511820194736,-3.4268223506012774,1.8851655734098451,2.523372560587512,1.5632191481475226,59,59,True
18,1,207,frame_00207_pose.txt,3.7830766219473193,-3.3554495914288927,0.6886200794157806,1.5867095563540137,5,8,210,frame_00210_pose.txt,4.7409983958145,-3.4919605786204397,-3.153635090543063,0.6876281664300828,4.000050707409038,3,3,True
18,2,267,frame_00267_pose.txt,4.248983284563316,-2.141256783710435,2.9985911971575208,2.0620338703820846,1,4,208,frame_00208_pose.txt,4.322205461458372,-3.9930304817613886,-0.6695836112103202,1.5357659974263602,4.167339092715127,-59,59,False
18,2,267,frame_00267_pose.txt,4.248983284563316,-2.141256783710435,2.9985911971575208,2.0620338703820846,2,5,209,frame_00209_pose.txt,4.344574824218714,-3.760067943206416,-1.6993567244360304,1.4183801133460237,5.040795911958692,-58,58,False
18,2,267,frame_00267_pose.txt,4.248983284563316,-2.141256783710435,2.9985911971575208,2.0620338703820846,3,6,265,frame_00265_pose.txt,4.3604289891730525,-3.538119052870265,-1.2828202897571657,2.242728744594733,4.498129873697532,-2,2,False
18,2,267,frame_00267_pose.txt,4.248983284563316,-2.141256783710435,2.9985911971575208,2.0620338703820846,4,7,266,frame_00266_pose.txt,4.684511820194736,-3.4268223506012774,1.8851655734098451,2.523372560587512,1.746806581968028,-1,1,False
18,2,267,frame_00267_pose.txt,4.248983284563316,-2.141256783710435,2.9985911971575208,2.0620338703820846,5,8,210,frame_00210_pose.txt,4.7409983958145,-3.4919605786204397,-3.153635090543063,0.6876281664300828,6.510607190248843,-57,57,False
18,3,206,frame_00206_pose.txt,4.260181672600897,-2.744961155127824,2.532954340646857,1.9897007959068587,1,4,208,frame_00208_pose.txt,4.322205461458372,-3.9930304817613886,-0.6695836112103202,1.5357659974263602,3.492021150244654,2,2,True
18,3,206,frame_00206_pose.txt,4.260181672600897,-2.744961155127824,2.532954340646857,1.9897007959068587,2,5,209,frame_00209_pose.txt,4.344574824218714,-3.760067943206416,-1.6993567244360304,1.4183801133460237,4.420575153713942,3,3,True
18,3,206,frame_00206_pose.txt,4.260181672600897,-2.744961155127824,2.532954340646857,1.9897007959068587,3,6,265,frame_00265_pose.txt,4.3604289891730525,-3.538119052870265,-1.2828202897571657,2.242728744594733,3.891981123433036,59,59,True
18,3,206,frame_00206_pose.txt,4.260181672600897,-2.744961155127824,2.532954340646857,1.9897007959068587,4,7,266,frame_00266_pose.txt,4.684511820194736,-3.4268223506012774,1.8851655734098451,2.523372560587512,1.0640287398979758,60,60,True
18,3,206,frame_00206_pose.txt,4.260181672600897,-2.744961155127824,2.532954340646857,1.9897007959068587,5,8,210,frame_00210_pose.txt,4.7409983958145,-3.4919605786204397,-3.153635090543063,0.6876281664300828,5.949431190467315,4,4,True
19,1,131,frame_00131_pose.txt,5.200251989525716,0.7381448013338838,4.455629690607526,-2.549500935287903,1,4,129,frame_00129_pose.txt,6.14937564190095,-0.13606609808373324,6.1153387606218175,-0.6390062227542267,2.671651257028776,-2,2,False
19,1,131,frame_00131_pose.txt,5.200251989525716,0.7381448013338838,4.455629690607526,-2.549500935287903,2,5,128,frame_00128_pose.txt,7.029393702727357,1.5866995073546406,6.708423724706804,-1.287539933565811,2.697074770971206,-3,3,False
19,1,131,frame_00131_pose.txt,5.200251989525716,0.7381448013338838,4.455629690607526,-2.549500935287903,3,6,228,frame_00228_pose.txt,7.248842033357052,1.2708723803654705,7.051309207251468,1.1831489078550348,4.540158183385686,97,97,True
19,1,131,frame_00131_pose.txt,5.200251989525716,0.7381448013338838,4.455629690607526,-2.549500935287903,4,7,133,frame_00133_pose.txt,7.500378099186084,-0.5449212567126164,3.7780511048578185,-6.47577217091822,4.184660401834204,2,2,True
19,1,131,frame_00131_pose.txt,5.200251989525716,0.7381448013338838,4.455629690607526,-2.549500935287903,5,8,127,frame_00127_pose.txt,8.243763405823332,1.09154528134335,8.117735161195982,-0.8596363954139139,4.024600676571949,-4,4,False
19,2,130,frame_00130_pose.txt,5.35811174114733,1.3685367966961188,5.014746812226908,-1.241220083233321,1,4,129,frame_00129_pose.txt,6.14937564190095,-0.13606609808373324,6.1153387606218175,-0.6390062227542267,1.9558243145083207,-1,1,False
19,2,130,frame_00130_pose.txt,5.35811174114733,1.3685367966961188,5.014746812226908,-1.241220083233321,2,5,128,frame_00128_pose.txt,7.029393702727357,1.5866995073546406,6.708423724706804,-1.287539933565811,1.7099224020527537,-2,2,False
19,2,130,frame_00130_pose.txt,5.35811174114733,1.3685367966961188,5.014746812226908,-1.241220083233321,3,6,228,frame_00228_pose.txt,7.248842033357052,1.2708723803654705,7.051309207251468,1.1831489078550348,3.1316423125117105,98,98,True
19,2,130,frame_00130_pose.txt,5.35811174114733,1.3685367966961188,5.014746812226908,-1.241220083233321,4,7,133,frame_00133_pose.txt,7.500378099186084,-0.5449212567126164,3.7780511048578185,-6.47577217091822,5.700347780231622,3,3,True
19,2,130,frame_00130_pose.txt,5.35811174114733,1.3685367966961188,5.014746812226908,-1.241220083233321,5,8,127,frame_00127_pose.txt,8.243763405823332,1.09154528134335,8.117735161195982,-0.8596363954139139,3.131100008982445,-3,3,False
19,3,132,frame_00132_pose.txt,5.897946833094408,-0.36214616693243784,3.983523234553156,-4.347686805751916,1,4,129,frame_00129_pose.txt,6.14937564190095,-0.13606609808373324,6.1153387606218175,-0.6390062227542267,4.291660269389885,-3,3,False
19,3,132,frame_00132_pose.txt,5.897946833094408,-0.36214616693243784,3.983523234553156,-4.347686805751916,2,5,128,frame_00128_pose.txt,7.029393702727357,1.5866995073546406,6.708423724706804,-1.287539933565811,4.517385013089335,-4,4,False
19,3,132,frame_00132_pose.txt,5.897946833094408,-0.36214616693243784,3.983523234553156,-4.347686805751916,3,6,228,frame_00228_pose.txt,7.248842033357052,1.2708723803654705,7.051309207251468,1.1831489078550348,6.510676032082553,96,96,True
19,3,132,frame_00132_pose.txt,5.897946833094408,-0.36214616693243784,3.983523234553156,-4.347686805751916,4,7,133,frame_00133_pose.txt,7.500378099186084,-0.5449212567126164,3.7780511048578185,-6.47577217091822,2.1471145164671426,1,1,True
19,3,132,frame_00132_pose.txt,5.897946833094408,-0.36214616693243784,3.983523234553156,-4.347686805751916,5,8,127,frame_00127_pose.txt,8.243763405823332,1.09154528134335,8.117735161195982,-0.8596363954139139,5.584269879899656,-5,5,False
20,1,198,frame_00198_pose.txt,3.7791668412687476,3.5428861230564657,0.424041223222609,-1.2312535815413932,1,4,197,frame_00197_pose.txt,5.453895988429147,4.2478650616716624,3.3128524276920523,-0.7396781758119192,2.9825433498672074,-1,1,False
20,1,198,frame_00198_pose.txt,3.7791668412687476,3.5428861230564657,0.424041223222609,-1.2312535815413932,2,5,201,frame_00201_pose.txt,5.661548434209997,3.887399935182124,-4.018134529485294,-1.0435569783451326,4.471660166648676,3,3,True
20,1,198,frame_00198_pose.txt,3.7791668412687476,3.5428861230564657,0.424041223222609,-1.2312535815413932,3,6,196,frame_00196_pose.txt,6.272505062484104,3.3425188143949094,5.258357196110906,-0.5919257778277408,4.842351170010611,-2,2,False
20,1,198,frame_00198_pose.txt,3.7791668412687476,3.5428861230564657,0.424041223222609,-1.2312535815413932,4,7,292,frame_00292_pose.txt,7.061391909337605,5.242253087107399,-1.5224950949400464,4.41211731243196,6.340592588584266,94,94,True
20,1,198,frame_00198_pose.txt,3.7791668412687476,3.5428861230564657,0.424041223222609,-1.2312535815413932,5,8,293,frame_00293_pose.txt,8.206116175785498,-3.6589760872892287,-1.8794348501582874,7.1626304284431255,11.290868976130591,95,95,True
20,2,199,frame_00199_pose.txt,4.240855681461419,3.805885542579487,-1.3396089217721094,-1.3507008765428814,1,4,197,frame_00197_pose.txt,5.453895988429147,4.2478650616716624,3.3128524276920523,-0.7396781758119192,4.671136287348628,-2,2,False
20,2,199,frame_00199_pose.txt,4.240855681461419,3.805885542579487,-1.3396089217721094,-1.3507008765428814,2,5,201,frame_00201_pose.txt,5.661548434209997,3.887399935182124,-4.018134529485294,-1.0435569783451326,2.717902939663868,2,2,True
20,2,199,frame_00199_pose.txt,4.240855681461419,3.805885542579487,-1.3396089217721094,-1.3507008765428814,3,6,196,frame_00196_pose.txt,6.272505062484104,3.3425188143949094,5.258357196110906,-0.5919257778277408,6.610526033298682,-3,3,False
20,2,199,frame_00199_pose.txt,4.240855681461419,3.805885542579487,-1.3396089217721094,-1.3507008765428814,4,7,292,frame_00292_pose.txt,7.061391909337605,5.242253087107399,-1.5224950949400464,4.41211731243196,5.955913600613771,93,93,True
20,2,199,frame_00199_pose.txt,4.240855681461419,3.805885542579487,-1.3396089217721094,-1.3507008765428814,5,8,293,frame_00293_pose.txt,8.206116175785498,-3.6589760872892287,-1.8794348501582874,7.1626304284431255,11.331502529548095,94,94,True
20,3,200,frame_00200_pose.txt,5.197090301709664,4.372494706945869,-2.7059505671037347,-0.8690292535491585,1,4,197,frame_00197_pose.txt,5.453895988429147,4.2478650616716624,3.3128524276920523,-0.7396781758119192,6.011709307495144,-3,3,False
20,3,200,frame_00200_pose.txt,5.197090301709664,4.372494706945869,-2.7059505671037347,-0.8690292535491585,2,5,201,frame_00201_pose.txt,5.661548434209997,3.887399935182124,-4.018134529485294,-1.0435569783451326,1.396493312234897,1,1,True
20,3,200,frame_00200_pose.txt,5.197090301709664,4.372494706945869,-2.7059505671037347,-0.8690292535491585,3,6,196,frame_00196_pose.txt,6.272505062484104,3.3425188143949094,5.258357196110906,-0.5919257778277408,8.016485776376594,-4,4,False
20,3,200,frame_00200_pose.txt,5.197090301709664,4.372494706945869,-2.7059505671037347,-0.8690292535491585,4,7,292,frame_00292_pose.txt,7.061391909337605,5.242253087107399,-1.5224950949400464,4.41211731243196,5.38466433794561,92,92,True
20,3,200,frame_00200_pose.txt,5.197090301709664,4.372494706945869,-2.7059505671037347,-0.8690292535491585,5,8,293,frame_00293_pose.txt,8.206116175785498,-3.6589760872892287,-1.8794348501582874,7.1626304284431255,11.379863434230819,93,93,True
21,1,256,frame_00256_pose.txt,3.718702905783795,-0.10313534202330003,-1.6767856202145792,-3.316016263036519,1,4,570,frame_00570_pose.txt,4.468734005127598,2.987998591239713,-3.2999660105323,0.3168070748990245,5.0675476695543,314,314,True
21,1,256,frame_00256_pose.txt,3.718702905783795,-0.10313534202330003,-1.6767856202145792,-3.316016263036519,2,5,254,frame_00254_pose.txt,4.540590626358307,1.4660327079075297,2.1949161964335593,-3.6671769261782052,4.19605596710592,-2,2,False
21,1,256,frame_00256_pose.txt,3.718702905783795,-0.10313534202330003,-1.6767856202145792,-3.316016263036519,3,6,568,frame_00568_pose.txt,4.568010446853245,3.878259506403027,-1.2428013673286757,2.027721900561776,6.665848409237661,312,312,True
21,1,256,frame_00256_pose.txt,3.718702905783795,-0.10313534202330003,-1.6767856202145792,-3.316016263036519,4,7,571,frame_00571_pose.txt,4.998157700013029,2.1717197015611713,-4.400025497222282,-1.0398630737313765,4.241985119792014,315,315,True
21,1,256,frame_00256_pose.txt,3.718702905783795,-0.10313534202330003,-1.6767856202145792,-3.316016263036519,5,8,336,frame_00336_pose.txt,5.040397262215941,4.112670101995426,-1.2164389510297922,2.6054809837750157,7.269327547066026,80,80,True
21,2,255,frame_00255_pose.txt,4.22299780096261,0.41707699601020204,0.3356467406174557,-4.187821156582497,1,4,570,frame_00570_pose.txt,4.468734005127598,2.987998591239713,-3.2999660105323,0.3168070748990245,6.4092307117682035,315,315,True
21,2,255,frame_00255_pose.txt,4.22299780096261,0.41707699601020204,0.3356467406174557,-4.187821156582497,2,5,254,frame_00254_pose.txt,4.540590626358307,1.4660327079075297,2.1949161964335593,-3.6671769261782052,2.189522629286837,-1,1,False
21,2,255,frame_00255_pose.txt,4.22299780096261,0.41707699601020204,0.3356467406174557,-4.187821156582497,3,6,568,frame_00568_pose.txt,4.568010446853245,3.878259506403027,-1.2428013673286757,2.027721900561776,7.3365684596983,313,313,True
21,2,255,frame_00255_pose.txt,4.22299780096261,0.41707699601020204,0.3356467406174557,-4.187821156582497,4,7,571,frame_00571_pose.txt,4.998157700013029,2.1717197015611713,-4.400025497222282,-1.0398630737313765,6.006628851407203,316,316,True
21,2,255,frame_00255_pose.txt,4.22299780096261,0.41707699601020204,0.3356467406174557,-4.187821156582497,5,8,336,frame_00336_pose.txt,5.040397262215941,4.112670101995426,-1.2164389510297922,2.6054809837750157,7.939014830887518,81,81,True
21,3,569,frame_00569_pose.txt,4.375474888929733,3.0715578786658035,-2.198383977317804,2.1500767613704594,1,4,570,frame_00570_pose.txt,4.468734005127598,2.987998591239713,-3.2999660105323,0.3168070748990245,2.090714918070989,1,1,True
21,3,569,frame_00569_pose.txt,4.375474888929733,3.0715578786658035,-2.198383977317804,2.1500767613704594,2,5,254,frame_00254_pose.txt,4.540590626358307,1.4660327079075297,2.1949161964335593,-3.6671769261782052,7.597719683463299,-315,315,False
21,3,569,frame_00569_pose.txt,4.375474888929733,3.0715578786658035,-2.198383977317804,2.1500767613704594,3,6,568,frame_00568_pose.txt,4.568010446853245,3.878259506403027,-1.2428013673286757,2.027721900561776,1.2642962819698136,-1,1,False
21,3,569,frame_00569_pose.txt,4.375474888929733,3.0715578786658035,-2.198383977317804,2.1500767613704594,4,7,571,frame_00571_pose.txt,4.998157700013029,2.1717197015611713,-4.400025497222282,-1.0398630737313765,3.8977845746574373,2,2,True
21,3,569,frame_00569_pose.txt,4.375474888929733,3.0715578786658035,-2.198383977317804,2.1500767613704594,5,8,336,frame_00336_pose.txt,5.040397262215941,4.112670101995426,-1.2164389510297922,2.6054809837750157,1.4842821507591244,-233,233,False
22,1,280,frame_00280_pose.txt,0.900483125362857,-0.09692733515558546,-0.3657610000281044,-0.8172842902705737,1,4,315,frame_00315_pose.txt,3.0585840883566546,1.742913996362978,-2.0955797818290853,-1.4199619734985236,2.5903973311962214,35,35,True
22,1,280,frame_00280_pose.txt,0.900483125362857,-0.09692733515558546,-0.3657610000281044,-0.8172842902705737,2,5,317,frame_00317_pose.txt,3.2708237719137405,2.2330601231319758,0.7294272234798388,-2.2620904820411343,2.9618493764447855,37,37,True
22,1,280,frame_00280_pose.txt,0.900483125362857,-0.09692733515558546,-0.3657610000281044,-0.8172842902705737,3,6,413,frame_00413_pose.txt,3.9860537421847764,2.2617075626316403,3.116900448159491,-0.9701776901518459,4.210977621640237,133,133,True
22,1,280,frame_00280_pose.txt,0.900483125362857,-0.09692733515558546,-0.3657610000281044,-0.8172842902705737,4,7,412,frame_00412_pose.txt,4.060367778654162,-0.9386955864730568,3.8058909659504687,-1.0910489841215159,4.2618672708645615,132,132,True
22,1,280,frame_00280_pose.txt,0.900483125362857,-0.09692733515558546,-0.3657610000281044,-0.8172842902705737,5,8,314,frame_00314_pose.txt,4.217937330794381,0.8324162816050978,-3.7596614853270114,-1.7496799971663548,3.6343242569653396,34,34,True
22,2,316,frame_00316_pose.txt,2.347193964392311,1.3733790341010348,-0.4802665634630575,-1.8482098836692347,1,4,315,frame_00315_pose.txt,3.0585840883566546,1.742913996362978,-2.0955797818290853,-1.4199619734985236,1.722076400002213,-1,1,False
22,2,316,frame_00316_pose.txt,2.347193964392311,1.3733790341010348,-0.4802665634630575,-1.8482098836692347,2,5,317,frame_00317_pose.txt,3.2708237719137405,2.2330601231319758,0.7294272234798388,-2.2620904820411343,1.5499508815181327,1,1,True
22,2,316,frame_00316_pose.txt,2.347193964392311,1.3733790341010348,-0.4802665634630575,-1.8482098836692347,3,6,413,frame_00413_pose.txt,3.9860537421847764,2.2617075626316403,3.116900448159491,-0.9701776901518459,3.7810201499734593,97,97,True
22,2,316,frame_00316_pose.txt,2.347193964392311,1.3733790341010348,-0.4802665634630575,-1.8482098836692347,4,7,412,frame_00412_pose.txt,4.060367778654162,-0.9386955864730568,3.8058909659504687,-1.0910489841215159,4.925425151965603,96,96,True
22,2,316,frame_00316_pose.txt,2.347193964392311,1.3733790341010348,-0.4802665634630575,-1.8482098836692347,5,8,314,frame_00314_pose.txt,4.217937330794381,0.8324162816050978,-3.7596614853270114,-1.7496799971663548,3.3265345647921425,-2,2,False
22,3,281,frame_00281_pose.txt,2.9021024729875857,0.8478649180354024,-2.69377520222962,-0.6884379348230361,1,4,315,frame_00315_pose.txt,3.0585840883566546,1.742913996362978,-2.0955797818290853,-1.4199619734985236,1.3096304268684504,34,34,True
22,3,281,frame_00281_pose.txt,2.9021024729875857,0.8478649180354024,-2.69377520222962,-0.6884379348230361,2,5,317,frame_00317_pose.txt,3.2708237719137405,2.2330601231319758,0.7294272234798388,-2.2620904820411343,4.049863750500174,36,36,True
22,3,281,frame_00281_pose.txt,2.9021024729875857,0.8478649180354024,-2.69377520222962,-0.6884379348230361,3,6,413,frame_00413_pose.txt,3.9860537421847764,2.2617075626316403,3.116900448159491,-0.9701776901518459,5.994098184999123,132,132,True
22,3,281,frame_00281_pose.txt,2.9021024729875857,0.8478649180354024,-2.69377520222962,-0.6884379348230361,4,7,412,frame_00412_pose.txt,4.060367778654162,-0.9386955864730568,3.8058909659504687,-1.0910489841215159,6.752148344496071,131,131,True
22,3,281,frame_00281_pose.txt,2.9021024729875857,0.8478649180354024,-2.69377520222962,-0.6884379348230361,5,8,314,frame_00314_pose.txt,4.217937330794381,0.8324162816050978,-3.7596614853270114,-1.7496799971663548,1.4928513082744073,33,33,True
23,1,327,frame_00327_pose.txt,2.5753418008788547,-0.2407478158311799,-0.7167607932787196,-2.4603947269799904,1,4,328,frame_00328_pose.txt,3.873186196148174,-0.7021945510578459,3.155316743605229,-2.15304157491272,3.9142257600393293,1,1,True
23,1,327,frame_00327_pose.txt,2.5753418008788547,-0.2407478158311799,-0.7167607932787196,-2.4603947269799904,2,5,269,frame_00269_pose.txt,3.914528594974936,-0.14178941584896856,2.393042091439818,-3.0979188141199665,3.17379884039823,-58,58,False
23,1,327,frame_00327_pose.txt,2.5753418008788547,-0.2407478158311799,-0.7167607932787196,-2.4603947269799904,3,6,326,frame_00326_pose.txt,4.121008573482802,0.40086873046612864,-3.000862970739187,-2.806203840321964,2.397655342502018,-1,1,False
23,1,327,frame_00327_pose.txt,2.5753418008788547,-0.2407478158311799,-0.7167607932787196,-2.4603947269799904,4,7,268,frame_00268_pose.txt,4.532984911897682,-1.0728977697823636,3.6843700703424163,-2.4481223181823504,4.479264095144677,-59,59,False
23,1,327,frame_00327_pose.txt,2.5753418008788547,-0.2407478158311799,-0.7167607932787196,-2.4603947269799904,5,8,272,frame_00272_pose.txt,4.599555934828146,0.5154353422314878,-2.8424302722179857,-3.5921986273060917,2.5220784919116324,-55,55,False
23,2,271,frame_00271_pose.txt,3.198217842391133,0.029206924860653953,-1.372520009869987,-2.889280611433296,1,4,328,frame_00328_pose.txt,3.873186196148174,-0.7021945510578459,3.155316743605229,-2.15304157491272,4.649386563790187,57,57,True
23,2,271,frame_00271_pose.txt,3.198217842391133,0.029206924860653953,-1.372520009869987,-2.889280611433296,2,5,269,frame_00269_pose.txt,3.914528594974936,-0.14178941584896856,2.393042091439818,-3.0979188141199665,3.7747177462748702,-2,2,False
23,2,271,frame_00271_pose.txt,3.198217842391133,0.029206924860653953,-1.372520009869987,-2.889280611433296,3,6,326,frame_00326_pose.txt,4.121008573482802,0.40086873046612864,-3.000862970739187,-2.806203840321964,1.6729619683049688,55,55,True
23,2,271,frame_00271_pose.txt,3.198217842391133,0.029206924860653953,-1.372520009869987,-2.889280611433296,4,7,268,frame_00268_pose.txt,4.532984911897682,-1.0728977697823636,3.6843700703424163,-2.4481223181823504,5.1980804853533975,-3,3,False
23,2,271,frame_00271_pose.txt,3.198217842391133,0.029206924860653953,-1.372520009869987,-2.889280611433296,5,8,272,frame_00272_pose.txt,4.599555934828146,0.5154353422314878,-2.8424302722179857,-3.5921986273060917,1.6974322858877386,1,1,True
23,3,270,frame_00270_pose.txt,3.514328707612634,-0.15018617839200948,0.6299934861126676,-3.454886761093458,1,4,328,frame_00328_pose.txt,3.873186196148174,-0.7021945510578459,3.155316743605229,-2.15304157491272,2.9030127726698964,58,58,True
23,3,270,frame_00270_pose.txt,3.514328707612634,-0.15018617839200948,0.6299934861126676,-3.454886761093458,2,5,269,frame_00269_pose.txt,3.914528594974936,-0.14178941584896856,2.393042091439818,-3.0979188141199665,1.7997482871868142,-1,1,False
23,3,270,frame_00270_pose.txt,3.514328707612634,-0.15018617839200948,0.6299934861126676,-3.454886761093458,3,6,326,frame_00326_pose.txt,4.121008573482802,0.40086873046612864,-3.000862970739187,-2.806203840321964,3.73110347935735,56,56,True
23,3,270,frame_00270_pose.txt,3.514328707612634,-0.15018617839200948,0.6299934861126676,-3.454886761093458,4,7,268,frame_00268_pose.txt,4.532984911897682,-1.0728977697823636,3.6843700703424163,-2.4481223181823504,3.355670834407011,-2,2,False
23,3,270,frame_00270_pose.txt,3.514328707612634,-0.15018617839200948,0.6299934861126676,-3.454886761093458,5,8,272,frame_00272_pose.txt,4.599555934828146,0.5154353422314878,-2.8424302722179857,-3.5921986273060917,3.5381754802951284,2,2,True
24,1,192,frame_00192_pose.txt,4.078130880751278,3.061929255920978,-1.7394199156922274,-2.1041000245535426,1,4,193,frame_00193_pose.txt,5.245569578957636,2.366164065730091,-4.270478434316967,-2.009637163003252,2.6312693706637043,1,1,True
24,1,192,frame_00192_pose.txt,4.078130880751278,3.061929255920978,-1.7394199156922274,-2.1041000245535426,2,5,226,frame_00226_pose.txt,5.3362855516978405,3.54991056895545,-0.7959931751138475,-3.929632914771706,2.1581356816952195,34,34,True
24,1,192,frame_00192_pose.txt,4.078130880751278,3.061929255920978,-1.7394199156922274,-2.1041000245535426,3,6,225,frame_00225_pose.txt,5.412748833468066,3.041049322731944,-2.7025498589133057,-3.643522538651028,1.772387128018647,33,33,True
24,1,192,frame_00192_pose.txt,4.078130880751278,3.061929255920978,-1.7394199156922274,-2.1041000245535426,4,7,227,frame_00227_pose.txt,5.526953361297547,3.3637000666701247,1.48394469547299,-4.084258347737004,3.8880834553820782,35,35,True
24,1,192,frame_00192_pose.txt,4.078130880751278,3.061929255920978,-1.7394199156922274,-2.1041000245535426,5,8,228,frame_00228_pose.txt,5.92853501274234,3.2002076857497435,3.2238908344525186,-3.721663926953387,5.3054516113560135,36,36,True
24,2,191,frame_00191_pose.txt,4.44587945969355,3.469108734650689,1.4640843483403878,-2.3201272801854524,1,4,193,frame_00193_pose.txt,5.245569578957636,2.366164065730091,-4.270478434316967,-2.009637163003252,5.863520924323268,2,2,True
24,2,191,frame_00191_pose.txt,4.44587945969355,3.469108734650689,1.4640843483403878,-2.3201272801854524,2,5,226,frame_00226_pose.txt,5.3362855516978405,3.54991056895545,-0.7959931751138475,-3.929632914771706,2.694151915757135,35,35,True
24,2,191,frame_00191_pose.txt,4.44587945969355,3.469108734650689,1.4640843483403878,-2.3201272801854524,3,6,225,frame_00225_pose.txt,5.412748833468066,3.041049322731944,-2.7025498589133057,-3.643522538651028,4.320956080716409,34,34,True
24,2,191,frame_00191_pose.txt,4.44587945969355,3.469108734650689,1.4640843483403878,-2.3201272801854524,4,7,227,frame_00227_pose.txt,5.526953361297547,3.3637000666701247,1.48394469547299,-4.084258347737004,1.7690018046604057,36,36,True
24,2,191,frame_00191_pose.txt,4.44587945969355,3.469108734650689,1.4640843483403878,-2.3201272801854524,5,8,228,frame_00228_pose.txt,5.92853501274234,3.2002076857497435,3.2238908344525186,-3.721663926953387,2.3288500519474526,37,37,True
24,3,190,frame_00190_pose.txt,4.985976608944738,2.9753436411974428,3.604773249521551,-1.6461118402716646,1,4,193,frame_00193_pose.txt,5.245569578957636,2.366164065730091,-4.270478434316967,-2.009637163003252,7.890237502038211,3,3,True
24,3,190,frame_00190_pose.txt,4.985976608944738,2.9753436411974428,3.604773249521551,-1.6461118402716646,2,5,226,frame_00226_pose.txt,5.3362855516978405,3.54991056895545,-0.7959931751138475,-3.929632914771706,4.874614811734299,36,36,True
24,3,190,frame_00190_pose.txt,4.985976608944738,2.9753436411974428,3.604773249521551,-1.6461118402716646,3,6,225,frame_00225_pose.txt,5.412748833468066,3.041049322731944,-2.7025498589133057,-3.643522538651028,6.515385296821622,35,35,True
24,3,190,frame_00190_pose.txt,4.985976608944738,2.9753436411974428,3.604773249521551,-1.6461118402716646,4,7,227,frame_00227_pose.txt,5.526953361297547,3.3637000666701247,1.48394469547299,-4.084258347737004,3.1654852164796297,37,37,True
24,3,190,frame_00190_pose.txt,4.985976608944738,2.9753436411974428,3.604773249521551,-1.6461118402716646,5,8,228,frame_00228_pose.txt,5.92853501274234,3.2002076857497435,3.2238908344525186,-3.721663926953387,2.102285217843197,38,38,True
