subject,anchor_rank,anchor_frame_num,anchor_pose_file,anchor_geo_to_identity_deg,anchor_yaw_deg,anchor_pitch_deg,anchor_roll_deg,query_rank,query_frame_num,query_pose_file,query_geo_to_identity_deg,query_yaw_deg,query_pitch_deg,query_roll_deg,pair_geodesic_delta_deg,frame_gap_signed,frame_gap_abs,query_after_anchor
1,1,270,frame_00270_pose.txt,3.035950219557938,-1.7723605160979214,-2.089842078855156,-1.2748129687775962,1,488,frame_00488_pose.txt,71.52520188477406,-50.90264600574535,-57.48737518796749,44.01324186486711,69.3106943346665,218,218,True
1,1,270,frame_00270_pose.txt,3.035950219557938,-1.7723605160979214,-2.089842078855156,-1.2748129687775962,2,491,frame_00491_pose.txt,71.26775573371346,-50.15772981503406,-57.153131826615216,44.67919874075437,69.08614629344147,221,221,True
1,1,270,frame_00270_pose.txt,3.035950219557938,-1.7723605160979214,-2.089842078855156,-1.2748129687775962,3,498,frame_00498_pose.txt,71.04787426741943,-51.81897997111566,-56.54821513096006,41.81619982890091,68.78808577992761,228,228,True
1,1,270,frame_00270_pose.txt,3.035950219557938,-1.7723605160979214,-2.089842078855156,-1.2748129687775962,4,495,frame_00495_pose.txt,70.92897426318359,-51.56787406027931,-56.30366900292894,42.31528790819654,68.6918267748099,225,225,True
1,1,270,frame_00270_pose.txt,3.035950219557938,-1.7723605160979214,-2.089842078855156,-1.2748129687775962,5,490,frame_00490_pose.txt,70.90933120644497,-51.54302273011492,-56.40253018769457,41.97504415377322,68.65917554823353,220,220,True
1,2,269,frame_00269_pose.txt,3.044053045290343,-0.3176638106848317,-2.288344052485719,-1.9755739702531936,1,488,frame_00488_pose.txt,71.52520188477406,-50.90264600574535,-57.48737518796749,44.01324186486711,70.66360246458642,219,219,True
1,2,269,frame_00269_pose.txt,3.044053045290343,-0.3176638106848317,-2.288344052485719,-1.9755739702531936,2,491,frame_00491_pose.txt,71.26775573371346,-50.15772981503406,-57.153131826615216,44.67919874075437,70.44704365435712,222,222,True
1,2,269,frame_00269_pose.txt,3.044053045290343,-0.3176638106848317,-2.288344052485719,-1.9755739702531936,3,498,frame_00498_pose.txt,71.04787426741943,-51.81897997111566,-56.54821513096006,41.81619982890091,70.13028105644959,229,229,True
1,2,269,frame_00269_pose.txt,3.044053045290343,-0.3176638106848317,-2.288344052485719,-1.9755739702531936,4,495,frame_00495_pose.txt,70.92897426318359,-51.56787406027931,-56.30366900292894,42.31528790819654,70.04205190122356,226,226,True
1,2,269,frame_00269_pose.txt,3.044053045290343,-0.3176638106848317,-2.288344052485719,-1.9755739702531936,5,490,frame_00490_pose.txt,70.90933120644497,-51.54302273011492,-56.40253018769457,41.97504415377322,70.00384527083521,221,221,True
1,3,268,frame_00268_pose.txt,3.173992111025225,1.1131385046639404,-2.390092773014559,-1.789827912178634,1,488,frame_00488_pose.txt,71.52520188477406,-50.90264600574535,-57.48737518796749,44.01324186486711,71.8496947904357,220,220,True
1,3,268,frame_00268_pose.txt,3.173992111025225,1.1131385046639404,-2.390092773014559,-1.789827912178634,2,491,frame_00491_pose.txt,71.26775573371346,-50.15772981503406,-57.153131826615216,44.67919874075437,71.62544152672382,223,223,True
1,3,268,frame_00268_pose.txt,3.173992111025225,1.1131385046639404,-2.390092773014559,-1.789827912178634,3,498,frame_00498_pose.txt,71.04787426741943,-51.81897997111566,-56.54821513096006,41.81619982890091,71.32873613974266,230,230,True
1,3,268,frame_00268_pose.txt,3.173992111025225,1.1131385046639404,-2.390092773014559,-1.789827912178634,4,495,frame_00495_pose.txt,70.92897426318359,-51.56787406027931,-56.30366900292894,42.31528790819654,71.23875562221393,227,227,True
1,3,268,frame_00268_pose.txt,3.173992111025225,1.1131385046639404,-2.390092773014559,-1.789827912178634,5,490,frame_00490_pose.txt,70.90933120644497,-51.54302273011492,-56.40253018769457,41.97504415377322,71.1997663217167,222,222,True
2,1,502,frame_00502_pose.txt,3.2668044697897574,1.5874113434810988,-2.0740446283792475,1.9332316384980217,1,392,frame_00392_pose.txt,72.20344837669727,33.70113717341929,-63.82699897725246,-45.819084997203895,70.39511576640732,-110,110,False
2,1,502,frame_00502_pose.txt,3.2668044697897574,1.5874113434810988,-2.0740446283792475,1.9332316384980217,2,391,frame_00391_pose.txt,71.52453738367262,33.82545364825753,-63.10994158038061,-45.02272635580408,69.70641562710084,-111,111,False
2,1,502,frame_00502_pose.txt,3.2668044697897574,1.5874113434810988,-2.0740446283792475,1.9332316384980217,3,395,frame_00395_pose.txt,71.2941621437006,33.715201648105825,-62.84004016759681,-44.84111984402317,69.4792188146059,-107,107,False
2,1,502,frame_00502_pose.txt,3.2668044697897574,1.5874113434810988,-2.0740446283792475,1.9332316384980217,4,393,frame_00393_pose.txt,71.25550393616545,33.973542915147114,-62.84747773975759,-44.63247042080732,69.42843734920507,-109,109,False
2,1,502,frame_00502_pose.txt,3.2668044697897574,1.5874113434810988,-2.0740446283792475,1.9332316384980217,5,390,frame_00390_pose.txt,71.18067302508821,33.1203706934891,-63.16666679653632,-43.86812443946683,69.33227684518138,-112,112,False
2,2,504,frame_00504_pose.txt,3.5621412571665045,0.0037267404794195,-1.4223704008119264,3.2660343038236417,1,392,frame_00392_pose.txt,72.20344837669727,33.70113717341929,-63.82699897725246,-45.819084997203895,72.38254847758569,-112,112,False
2,2,504,frame_00504_pose.txt,3.5621412571665045,0.0037267404794195,-1.4223704008119264,3.2660343038236417,2,391,frame_00391_pose.txt,71.52453738367262,33.82545364825753,-63.10994158038061,-45.02272635580408,71.69159675355014,-113,113,False
2,2,504,frame_00504_pose.txt,3.5621412571665045,0.0037267404794195,-1.4223704008119264,3.2660343038236417,3,395,frame_00395_pose.txt,71.2941621437006,33.715201648105825,-62.84004016759681,-44.84111984402317,71.46499923818021,-109,109,False
2,2,504,frame_00504_pose.txt,3.5621412571665045,0.0037267404794195,-1.4223704008119264,3.2660343038236417,4,393,frame_00393_pose.txt,71.25550393616545,33.973542915147114,-62.84747773975759,-44.63247042080732,71.41154498969347,-111,111,False
2,2,504,frame_00504_pose.txt,3.5621412571665045,0.0037267404794195,-1.4223704008119264,3.2660343038236417,5,390,frame_00390_pose.txt,71.18067302508821,33.1203706934891,-63.16666679653632,-43.86812443946683,71.30234218200602,-114,114,False
2,3,503,frame_00503_pose.txt,3.580996035071641,0.5195636234207855,-1.7011281789553183,3.1003229060731754,1,392,frame_00392_pose.txt,72.20344837669727,33.70113717341929,-63.82699897725246,-45.819084997203895,71.78491271628187,-111,111,False
2,3,503,frame_00503_pose.txt,3.580996035071641,0.5195636234207855,-1.7011281789553183,3.1003229060731754,2,391,frame_00391_pose.txt,71.52453738367262,33.82545364825753,-63.10994158038061,-45.02272635580408,71.0937834698921,-112,112,False
2,3,503,frame_00503_pose.txt,3.580996035071641,0.5195636234207855,-1.7011281789553183,3.1003229060731754,3,395,frame_00395_pose.txt,71.2941621437006,33.715201648105825,-62.84004016759681,-44.84111984402317,70.8673325781751,-108,108,False
2,3,503,frame_00503_pose.txt,3.580996035071641,0.5195636234207855,-1.7011281789553183,3.1003229060731754,4,393,frame_00393_pose.txt,71.25550393616545,33.973542915147114,-62.84747773975759,-44.63247042080732,70.81353540878645,-110,110,False
2,3,503,frame_00503_pose.txt,3.580996035071641,0.5195636234207855,-1.7011281789553183,3.1003229060731754,5,390,frame_00390_pose.txt,71.18067302508821,33.1203706934891,-63.16666679653632,-43.86812443946683,70.70632491893208,-113,113,False
3,1,24,frame_00024_pose.txt,8.414629854747568,6.756724870514328,2.722717552942746,4.379878691165475,1,562,frame_00562_pose.txt,76.91416549640043,76.83855664460509,5.448064123877362,5.978255385719554,70.09984754316969,538,538,True
3,1,24,frame_00024_pose.txt,8.414629854747568,6.756724870514328,2.722717552942746,4.379878691165475,2,561,frame_00561_pose.txt,76.90493006451575,76.30542478496582,15.030207610707366,16.54940416894357,69.90955908300012,537,537,True
3,1,24,frame_00024_pose.txt,8.414629854747568,6.756724870514328,2.722717552942746,4.379878691165475,3,560,frame_00560_pose.txt,76.86036570512996,76.10180754349585,17.00972213845171,18.37853340346261,69.83470668618442,536,536,True
3,1,24,frame_00024_pose.txt,8.414629854747568,6.756724870514328,2.722717552942746,4.379878691165475,4,563,frame_00563_pose.txt,75.63527603039469,75.5942430096462,2.49669349843121,4.1298697897680245,68.83768843711378,539,539,True
3,1,24,frame_00024_pose.txt,8.414629854747568,6.756724870514328,2.722717552942746,4.379878691165475,5,559,frame_00559_pose.txt,74.59828351745233,73.87110391749111,13.913887800634146,16.96809275275402,67.53906144860537,535,535,True
3,2,33,frame_00033_pose.txt,8.68725846883923,6.871961466920374,3.16250653021883,4.469891258072259,1,562,frame_00562_pose.txt,76.91416549640043,76.83855664460509,5.448064123877362,5.978255385719554,69.97835670635045,529,529,True
3,2,33,frame_00033_pose.txt,8.68725846883923,6.871961466920374,3.16250653021883,4.469891258072259,2,561,frame_00561_pose.txt,76.90493006451575,76.30542478496582,15.030207610707366,16.54940416894357,69.77919805779639,528,528,True
3,2,33,frame_00033_pose.txt,8.68725846883923,6.871961466920374,3.16250653021883,4.469891258072259,3,560,frame_00560_pose.txt,76.86036570512996,76.10180754349585,17.00972213845171,18.37853340346261,69.70114051435378,527,527,True
3,2,33,frame_00033_pose.txt,8.68725846883923,6.871961466920374,3.16250653021883,4.469891258072259,4,563,frame_00563_pose.txt,75.63527603039469,75.5942430096462,2.49669349843121,4.1298697897680245,68.72354348707192,530,530,True
3,2,33,frame_00033_pose.txt,8.68725846883923,6.871961466920374,3.16250653021883,4.469891258072259,5,559,frame_00559_pose.txt,74.59828351745233,73.87110391749111,13.913887800634146,16.96809275275402,67.41228937501538,526,526,True
3,3,30,frame_00030_pose.txt,8.786275114451014,7.04189087784026,3.0040769751031555,4.504336043161431,1,562,frame_00562_pose.txt,76.91416549640043,76.83855664460509,5.448064123877362,5.978255385719554,69.81092870820711,532,532,True
3,3,30,frame_00030_pose.txt,8.786275114451014,7.04189087784026,3.0040769751031555,4.504336043161431,2,561,frame_00561_pose.txt,76.90493006451575,76.30542478496582,15.030207610707366,16.54940416894357,69.61276317483969,531,531,True
3,3,30,frame_00030_pose.txt,8.786275114451014,7.04189087784026,3.0040769751031555,4.504336043161431,3,560,frame_00560_pose.txt,76.86036570512996,76.10180754349585,17.00972213845171,18.37853340346261,69.53571594044433,530,530,True
3,3,30,frame_00030_pose.txt,8.786275114451014,7.04189087784026,3.0040769751031555,4.504336043161431,4,563,frame_00563_pose.txt,75.63527603039469,75.5942430096462,2.49669349843121,4.1298697897680245,68.55297660428187,533,533,True
3,3,30,frame_00030_pose.txt,8.786275114451014,7.04189087784026,3.0040769751031555,4.504336043161431,5,559,frame_00559_pose.txt,74.59828351745233,73.87110391749111,13.913887800634146,16.96809275275402,67.24314669813043,529,529,True
4,1,476,frame_00476_pose.txt,2.0054546535890814,-1.0850636707950638,1.57888436689668,-0.6079028287814725,1,153,frame_00153_pose.txt,66.91162386536212,42.75461786208949,55.8948362051562,36.98477536385841,67.03504192939882,-323,323,False
4,1,476,frame_00476_pose.txt,2.0054546535890814,-1.0850636707950638,1.57888436689668,-0.6079028287814725,2,146,frame_00146_pose.txt,66.88075824167754,43.44957327974885,54.83247890001402,38.76620240181086,67.08460984638228,-330,330,False
4,1,476,frame_00476_pose.txt,2.0054546535890814,-1.0850636707950638,1.57888436689668,-0.6079028287814725,3,158,frame_00158_pose.txt,66.5783904932701,42.249564382851865,55.51924681826247,37.152901338350325,66.70596683346287,-318,318,False
4,1,476,frame_00476_pose.txt,2.0054546535890814,-1.0850636707950638,1.57888436689668,-0.6079028287814725,4,154,frame_00154_pose.txt,66.51662231914558,42.98713114176071,55.26548890492708,36.35223611544372,66.64431591725358,-322,322,False
4,1,476,frame_00476_pose.txt,2.0054546535890814,-1.0850636707950638,1.57888436689668,-0.6079028287814725,5,156,frame_00156_pose.txt,66.17935195399873,42.34714718326676,55.02074524145551,36.36330626659858,66.30189707415838,-320,320,False
4,2,477,frame_00477_pose.txt,4.108632026881202,-3.638538789809119,1.9025709879163208,-0.2193934275856142,1,153,frame_00153_pose.txt,66.91162386536212,42.75461786208949,55.8948362051562,36.98477536385841,68.88566346076026,-324,324,False
4,2,477,frame_00477_pose.txt,4.108632026881202,-3.638538789809119,1.9025709879163208,-0.2193934275856142,2,146,frame_00146_pose.txt,66.88075824167754,43.44957327974885,54.83247890001402,38.76620240181086,68.96970590903851,-331,331,False
4,2,477,frame_00477_pose.txt,4.108632026881202,-3.638538789809119,1.9025709879163208,-0.2193934275856142,3,158,frame_00158_pose.txt,66.5783904932701,42.249564382851865,55.51924681826247,37.152901338350325,68.54769730555815,-319,319,False
4,2,477,frame_00477_pose.txt,4.108632026881202,-3.638538789809119,1.9025709879163208,-0.2193934275856142,4,154,frame_00154_pose.txt,66.51662231914558,42.98713114176071,55.26548890492708,36.35223611544372,68.50514124278925,-323,323,False
4,2,477,frame_00477_pose.txt,4.108632026881202,-3.638538789809119,1.9025709879163208,-0.2193934275856142,5,156,frame_00156_pose.txt,66.17935195399873,42.34714718326676,55.02074524145551,36.36330626659858,68.14845257631981,-321,321,False
4,3,475,frame_00475_pose.txt,4.255551424330799,4.0315866198749415,1.255009810622127,-0.4869388446645867,1,153,frame_00153_pose.txt,66.91162386536212,42.75461786208949,55.8948362051562,36.98477536385841,63.06900373145333,-322,322,False
4,3,475,frame_00475_pose.txt,4.255551424330799,4.0315866198749415,1.255009810622127,-0.4869388446645867,2,146,frame_00146_pose.txt,66.88075824167754,43.44957327974885,54.83247890001402,38.76620240181086,63.030262336001776,-329,329,False
4,3,475,frame_00475_pose.txt,4.255551424330799,4.0315866198749415,1.255009810622127,-0.4869388446645867,3,158,frame_00158_pose.txt,66.5783904932701,42.249564382851865,55.51924681826247,37.152901338350325,62.750485986395915,-317,317,False
4,3,475,frame_00475_pose.txt,4.255551424330799,4.0315866198749415,1.255009810622127,-0.4869388446645867,4,154,frame_00154_pose.txt,66.51662231914558,42.98713114176071,55.26548890492708,36.35223611544372,62.66277772462142,-321,321,False
4,3,475,frame_00475_pose.txt,4.255551424330799,4.0315866198749415,1.255009810622127,-0.4869388446645867,5,156,frame_00156_pose.txt,66.17935195399873,42.34714718326676,55.02074524145551,36.36330626659858,62.34313075859191,-319,319,False
5,1,493,frame_00493_pose.txt,0.90955185305562,-0.7531172478958704,-0.4425888364553815,-0.2484149654609301,1,862,frame_00862_pose.txt,66.32163449931407,41.9439051120318,-56.0693449619724,-34.31441803395104,66.61694984088014,369,369,True
5,1,493,frame_00493_pose.txt,0.90955185305562,-0.7531172478958704,-0.4425888364553815,-0.2484149654609301,2,861,frame_00861_pose.txt,66.22944713799849,42.44156972601837,-55.65271562297988,-34.282917268593685,66.53318459962625,368,368,True
5,1,493,frame_00493_pose.txt,0.90955185305562,-0.7531172478958704,-0.4425888364553815,-0.2484149654609301,3,857,frame_00857_pose.txt,65.86095054052069,41.29041286098326,-55.93599038860598,-33.13165592192789,66.14523004362327,364,364,True
5,1,493,frame_00493_pose.txt,0.90955185305562,-0.7531172478958704,-0.4425888364553815,-0.2484149654609301,4,863,frame_00863_pose.txt,65.85677519902842,42.11045869479183,-55.31352162891783,-33.85170803666811,66.1570302158762,370,370,True
5,1,493,frame_00493_pose.txt,0.90955185305562,-0.7531172478958704,-0.4425888364553815,-0.2484149654609301,5,858,frame_00858_pose.txt,65.72717751010487,42.02755675294683,-55.46775706535188,-32.46145489982677,66.02131631425128,365,365,True
5,2,494,frame_00494_pose.txt,1.19364546114381,1.0741636860216657,-0.4252911310152924,0.2953103830858792,1,862,frame_00862_pose.txt,66.32163449931407,41.9439051120318,-56.0693449619724,-34.31441803395104,65.26744874995512,368,368,True
5,2,494,frame_00494_pose.txt,1.19364546114381,1.0741636860216657,-0.4252911310152924,0.2953103830858792,2,861,frame_00861_pose.txt,66.22944713799849,42.44156972601837,-55.65271562297988,-34.282917268593685,65.17156270698922,367,367,True
5,2,494,frame_00494_pose.txt,1.19364546114381,1.0741636860216657,-0.4252911310152924,0.2953103830858792,3,857,frame_00857_pose.txt,65.86095054052069,41.29041286098326,-55.93599038860598,-33.13165592192789,64.80810456806687,363,363,True
5,2,494,frame_00494_pose.txt,1.19364546114381,1.0741636860216657,-0.4252911310152924,0.2953103830858792,4,863,frame_00863_pose.txt,65.85677519902842,42.11045869479183,-55.31352162891783,-33.85170803666811,64.80022767582984,369,369,True
5,2,494,frame_00494_pose.txt,1.19364546114381,1.0741636860216657,-0.4252911310152924,0.2953103830858792,5,858,frame_00858_pose.txt,65.72717751010487,42.02755675294683,-55.46775706535188,-32.46145489982677,64.66643277323298,364,364,True
5,3,492,frame_00492_pose.txt,2.022572990064231,-1.9486497165555583,-0.504770541788131,-0.1855409144382221,1,862,frame_00862_pose.txt,66.32163449931407,41.9439051120318,-56.0693449619724,-34.31441803395104,67.54280957587595,370,370,True
5,3,492,frame_00492_pose.txt,2.022572990064231,-1.9486497165555583,-0.504770541788131,-0.1855409144382221,2,861,frame_00861_pose.txt,66.22944713799849,42.44156972601837,-55.65271562297988,-34.282917268593685,67.4665842660005,369,369,True
5,3,492,frame_00492_pose.txt,2.022572990064231,-1.9486497165555583,-0.504770541788131,-0.1855409144382221,3,857,frame_00857_pose.txt,65.86095054052069,41.29041286098326,-55.93599038860598,-33.13165592192789,67.05900181301978,365,365,True
5,3,492,frame_00492_pose.txt,2.022572990064231,-1.9486497165555583,-0.504770541788131,-0.1855409144382221,4,863,frame_00863_pose.txt,65.85677519902842,42.11045869479183,-55.31352162891783,-33.85170803666811,67.0872604552671,371,371,True
5,3,492,frame_00492_pose.txt,2.022572990064231,-1.9486497165555583,-0.504770541788131,-0.1855409144382221,5,858,frame_00858_pose.txt,65.72717751010487,42.02755675294683,-55.46775706535188,-32.46145489982677,66.94189592893746,366,366,True
6,1,431,frame_00431_pose.txt,1.998894837426052,-0.6647660217532865,1.2659775420217272,-1.4040166611604838,1,208,frame_00208_pose.txt,84.4038888632195,2.872516861099017,84.36988839395305,4.968623030571249,83.24246338235332,-223,223,False
6,1,431,frame_00431_pose.txt,1.998894837426052,-0.6647660217532865,1.2659775420217272,-1.4040166611604838,2,52,frame_00052_pose.txt,81.42667472937664,77.97170204449502,9.759357423208542,-17.05757908275955,81.41858420869748,-379,379,False
6,1,431,frame_00431_pose.txt,1.998894837426052,-0.6647660217532865,1.2659775420217272,-1.4040166611604838,3,48,frame_00048_pose.txt,81.16114301924337,77.0951582533835,4.957328194217478,-23.503651693638,81.10413521327233,-383,383,False
6,1,431,frame_00431_pose.txt,1.998894837426052,-0.6647660217532865,1.2659775420217272,-1.4040166611604838,4,47,frame_00047_pose.txt,81.05284121071873,77.72881156467243,13.528452821471884,-12.83568667522277,81.05586573521876,-384,384,False
6,1,431,frame_00431_pose.txt,1.998894837426052,-0.6647660217532865,1.2659775420217272,-1.4040166611604838,5,51,frame_00051_pose.txt,80.69072909245602,77.39110105343805,7.590550070079377,-18.384393514324493,80.7004202659985,-380,380,False
6,2,255,frame_00255_pose.txt,2.669265508139527,1.263818435751421,1.0074538398754789,-2.1130698371402947,1,208,frame_00208_pose.txt,84.4038888632195,2.872516861099017,84.36988839395305,4.968623030571249,83.36534740626698,-47,47,False
6,2,255,frame_00255_pose.txt,2.669265508139527,1.263818435751421,1.0074538398754789,-2.1130698371402947,2,52,frame_00052_pose.txt,81.42667472937664,77.97170204449502,9.759357423208542,-17.05757908275955,79.48256985597318,-203,203,False
6,2,255,frame_00255_pose.txt,2.669265508139527,1.263818435751421,1.0074538398754789,-2.1130698371402947,3,48,frame_00048_pose.txt,81.16114301924337,77.0951582533835,4.957328194217478,-23.503651693638,79.16464767550424,-207,207,False
6,2,255,frame_00255_pose.txt,2.669265508139527,1.263818435751421,1.0074538398754789,-2.1130698371402947,4,47,frame_00047_pose.txt,81.05284121071873,77.72881156467243,13.528452821471884,-12.83568667522277,79.12593441011144,-208,208,False
6,2,255,frame_00255_pose.txt,2.669265508139527,1.263818435751421,1.0074538398754789,-2.1130698371402947,5,51,frame_00051_pose.txt,80.69072909245602,77.39110105343805,7.590550070079377,-18.384393514324493,78.75777359333998,-204,204,False
6,3,430,frame_00430_pose.txt,3.045131794538342,-1.9534376163071263,1.0858269007136492,-2.0866501450293957,1,208,frame_00208_pose.txt,84.4038888632195,2.872516861099017,84.36988839395305,4.968623030571249,83.58529570962664,-222,222,False
6,3,430,frame_00430_pose.txt,3.045131794538342,-1.9534376163071263,1.0858269007136492,-2.0866501450293957,2,52,frame_00052_pose.txt,81.42667472937664,77.97170204449502,9.759357423208542,-17.05757908275955,82.52600425526407,-378,378,False
6,3,430,frame_00430_pose.txt,3.045131794538342,-1.9534376163071263,1.0858269007136492,-2.0866501450293957,3,48,frame_00048_pose.txt,81.16114301924337,77.0951582533835,4.957328194217478,-23.503651693638,82.18279974292024,-382,382,False
6,3,430,frame_00430_pose.txt,3.045131794538342,-1.9534376163071263,1.0858269007136492,-2.0866501450293957,4,47,frame_00047_pose.txt,81.05284121071873,77.72881156467243,13.528452821471884,-12.83568667522277,82.17396969887764,-383,383,False
6,3,430,frame_00430_pose.txt,3.045131794538342,-1.9534376163071263,1.0858269007136492,-2.0866501450293957,5,51,frame_00051_pose.txt,80.69072909245602,77.39110105343805,7.590550070079377,-18.384393514324493,81.8110972984264,-379,379,False
7,1,390,frame_00390_pose.txt,0.6923117495561616,-0.0806490240334101,0.2762530515252263,0.6289947091304174,1,293,frame_00293_pose.txt,68.6902051499454,66.46476890621712,24.365188040768597,14.299962564162492,68.73217237459322,-97,97,False
7,1,390,frame_00390_pose.txt,0.6923117495561616,-0.0806490240334101,0.2762530515252263,0.6289947091304174,2,296,frame_00296_pose.txt,68.49638065459956,66.64216950143185,22.29282822626765,13.124321059350908,68.54190315857824,-94,94,False
7,1,390,frame_00390_pose.txt,0.6923117495561616,-0.0806490240334101,0.2762530515252263,0.6289947091304174,3,84,frame_00084_pose.txt,68.48187731184912,53.68440501482676,51.59615581420711,30.74074677012636,68.39715277318919,-306,306,False
7,1,390,frame_00390_pose.txt,0.6923117495561616,-0.0806490240334101,0.2762530515252263,0.6289947091304174,4,292,frame_00292_pose.txt,68.44005277110378,66.21226021874409,24.240925851311054,14.216421715660548,68.48132058599397,-98,98,False
7,1,390,frame_00390_pose.txt,0.6923117495561616,-0.0806490240334101,0.2762530515252263,0.6289947091304174,5,88,frame_00088_pose.txt,68.43875903640328,53.893895597823885,51.32272929859665,30.163409891557365,68.35840925581307,-302,302,False
7,2,391,frame_00391_pose.txt,1.0595998162873377,-0.5928730309376461,0.4881543493508234,0.7286257634946889,1,293,frame_00293_pose.txt,68.6902051499454,66.46476890621712,24.365188040768597,14.299962564162492,69.19658029388209,-98,98,False
7,2,391,frame_00391_pose.txt,1.0595998162873377,-0.5928730309376461,0.4881543493508234,0.7286257634946889,2,296,frame_00296_pose.txt,68.49638065459956,66.64216950143185,22.29282822626765,13.124321059350908,69.01122613890617,-95,95,False
7,2,391,frame_00391_pose.txt,1.0595998162873377,-0.5928730309376461,0.4881543493508234,0.7286257634946889,3,84,frame_00084_pose.txt,68.48187731184912,53.68440501482676,51.59615581420711,30.74074677012636,68.74376820184564,-307,307,False
7,2,391,frame_00391_pose.txt,1.0595998162873377,-0.5928730309376461,0.4881543493508234,0.7286257634946889,4,292,frame_00292_pose.txt,68.44005277110378,66.21226021874409,24.240925851311054,14.216421715660548,68.945482955725,-99,99,False
7,2,391,frame_00391_pose.txt,1.0595998162873377,-0.5928730309376461,0.4881543493508234,0.7286257634946889,5,88,frame_00088_pose.txt,68.43875903640328,53.893895597823885,51.32272929859665,30.163409891557365,68.70591087007719,-303,303,False
7,3,389,frame_00389_pose.txt,1.124242409951722,0.3392829039390618,0.6150182146556419,0.880072665673571,1,293,frame_00293_pose.txt,68.6902051499454,66.46476890621712,24.365188040768597,14.299962564162492,68.26211201358822,-96,96,False
7,3,389,frame_00389_pose.txt,1.124242409951722,0.3392829039390618,0.6150182146556419,0.880072665673571,2,296,frame_00296_pose.txt,68.49638065459956,66.64216950143185,22.29282822626765,13.124321059350908,68.07561646832,-93,93,False
7,3,389,frame_00389_pose.txt,1.124242409951722,0.3392829039390618,0.6150182146556419,0.880072665673571,3,84,frame_00084_pose.txt,68.48187731184912,53.68440501482676,51.59615581420711,30.74074677012636,67.85809855871464,-305,305,False
7,3,389,frame_00389_pose.txt,1.124242409951722,0.3392829039390618,0.6150182146556419,0.880072665673571,4,292,frame_00292_pose.txt,68.44005277110378,66.21226021874409,24.240925851311054,14.216421715660548,68.01090025422569,-97,97,False
7,3,389,frame_00389_pose.txt,1.124242409951722,0.3392829039390618,0.6150182146556419,0.880072665673571,5,88,frame_00088_pose.txt,68.43875903640328,53.893895597823885,51.32272929859665,30.163409891557365,67.8209921427464,-301,301,False
8,1,28,frame_00028_pose.txt,3.2903476376408216,1.3486836997423484,-0.62815400118689,-2.942424117864439,1,701,frame_00701_pose.txt,74.376847527563,52.28731009665148,-55.76518506985156,-56.41000094685592,72.06410893966847,673,673,True
8,1,28,frame_00028_pose.txt,3.2903476376408216,1.3486836997423484,-0.62815400118689,-2.942424117864439,2,694,frame_00694_pose.txt,74.37550891156664,57.87704783928046,-53.05163738148645,-53.37241547722096,72.21979191374396,666,666,True
8,1,28,frame_00028_pose.txt,3.2903476376408216,1.3486836997423484,-0.62815400118689,-2.942424117864439,3,689,frame_00689_pose.txt,74.16303355957184,62.41549842278309,-48.7345742372316,-48.84628244149942,72.15499296744633,661,661,True
8,1,28,frame_00028_pose.txt,3.2903476376408216,1.3486836997423484,-0.62815400118689,-2.942424117864439,4,688,frame_00688_pose.txt,73.98735479515209,62.14934318408967,-48.551585313517656,-48.789603921164826,71.97035392776331,660,660,True
8,1,28,frame_00028_pose.txt,3.2903476376408216,1.3486836997423484,-0.62815400118689,-2.942424117864439,5,695,frame_00695_pose.txt,73.88808184367556,56.77562090430499,-53.18464596457093,-52.83525629330145,71.72185547540488,667,667,True
8,2,27,frame_00027_pose.txt,3.339887941247862,1.434962650397846,-0.999826316004898,-2.8577428443708195,1,701,frame_00701_pose.txt,74.376847527563,52.28731009665148,-55.76518506985156,-56.41000094685592,71.89085837664919,674,674,True
8,2,27,frame_00027_pose.txt,3.339887941247862,1.434962650397846,-0.999826316004898,-2.8577428443708195,2,694,frame_00694_pose.txt,74.37550891156664,57.87704783928046,-53.05163738148645,-53.37241547722096,72.05779245326192,667,667,True
8,2,27,frame_00027_pose.txt,3.339887941247862,1.434962650397846,-0.999826316004898,-2.8577428443708195,3,689,frame_00689_pose.txt,74.16303355957184,62.41549842278309,-48.7345742372316,-48.84628244149942,72.004000536876,662,662,True
8,2,27,frame_00027_pose.txt,3.339887941247862,1.434962650397846,-0.999826316004898,-2.8577428443708195,4,688,frame_00688_pose.txt,73.98735479515209,62.14934318408967,-48.551585313517656,-48.789603921164826,71.81943705710513,661,661,True
8,2,27,frame_00027_pose.txt,3.339887941247862,1.434962650397846,-0.999826316004898,-2.8577428443708195,5,695,frame_00695_pose.txt,73.88808184367556,56.77562090430499,-53.18464596457093,-52.83525629330145,71.55450148629049,668,668,True
8,3,30,frame_00030_pose.txt,3.3785117732328707,-0.7174937020082274,0.4098247885109589,-3.278550834231301,1,701,frame_00701_pose.txt,74.376847527563,52.28731009665148,-55.76518506985156,-56.41000094685592,74.16692559976735,671,671,True
8,3,30,frame_00030_pose.txt,3.3785117732328707,-0.7174937020082274,0.4098247885109589,-3.278550834231301,2,694,frame_00694_pose.txt,74.37550891156664,57.87704783928046,-53.05163738148645,-53.37241547722096,74.35960665509842,664,664,True
8,3,30,frame_00030_pose.txt,3.3785117732328707,-0.7174937020082274,0.4098247885109589,-3.278550834231301,3,689,frame_00689_pose.txt,74.16303355957184,62.41549842278309,-48.7345742372316,-48.84628244149942,74.31355285062153,659,659,True
8,3,30,frame_00030_pose.txt,3.3785117732328707,-0.7174937020082274,0.4098247885109589,-3.278550834231301,4,688,frame_00688_pose.txt,73.98735479515209,62.14934318408967,-48.551585313517656,-48.789603921164826,74.12697133835982,658,658,True
8,3,30,frame_00030_pose.txt,3.3785117732328707,-0.7174937020082274,0.4098247885109589,-3.278550834231301,5,695,frame_00695_pose.txt,73.88808184367556,56.77562090430499,-53.18464596457093,-52.83525629330145,73.86572128912096,665,665,True
9,1,612,frame_00612_pose.txt,7.145716485050645,2.677633267124444,-2.84596962882598,5.917742735543192,1,537,frame_00537_pose.txt,71.09381772013856,70.53265723697082,12.04780083157981,4.186032719769398,69.53275640100156,-75,75,False
9,1,612,frame_00612_pose.txt,7.145716485050645,2.677633267124444,-2.84596962882598,5.917742735543192,2,535,frame_00535_pose.txt,71.07161985736666,70.27818557056796,14.56694316351702,5.590996457428216,69.60055379472252,-77,77,False
9,1,612,frame_00612_pose.txt,7.145716485050645,2.677633267124444,-2.84596962882598,5.917742735543192,3,536,frame_00536_pose.txt,70.94212895920359,70.35245242575884,12.580247748161304,4.859916345433793,69.361822733622,-76,76,False
9,1,612,frame_00612_pose.txt,7.145716485050645,2.677633267124444,-2.84596962882598,5.917742735543192,4,538,frame_00538_pose.txt,70.88917039901432,70.40795535716168,10.723411980372004,3.0557751953028065,69.3237736616548,-74,74,False
9,1,612,frame_00612_pose.txt,7.145716485050645,2.677633267124444,-2.84596962882598,5.917742735543192,5,532,frame_00532_pose.txt,70.85605889657013,69.2307302028075,21.776146176834743,11.462207923815448,69.44792206835406,-80,80,False
9,2,613,frame_00613_pose.txt,7.61624583155664,2.08734611142516,-2.945601645158352,6.654088106285588,1,537,frame_00537_pose.txt,71.09381772013856,70.53265723697082,12.04780083157981,4.186032719769398,70.24245487246894,-76,76,False
9,2,613,frame_00613_pose.txt,7.61624583155664,2.08734611142516,-2.945601645158352,6.654088106285588,2,535,frame_00535_pose.txt,71.07161985736666,70.27818557056796,14.56694316351702,5.590996457428216,70.31251990122797,-78,78,False
9,2,613,frame_00613_pose.txt,7.61624583155664,2.08734611142516,-2.945601645158352,6.654088106285588,3,536,frame_00536_pose.txt,70.94212895920359,70.35245242575884,12.580247748161304,4.859916345433793,70.06917834427774,-77,77,False
9,2,613,frame_00613_pose.txt,7.61624583155664,2.08734611142516,-2.945601645158352,6.654088106285588,4,538,frame_00538_pose.txt,70.88917039901432,70.40795535716168,10.723411980372004,3.0557751953028065,70.03523047036118,-75,75,False
9,2,613,frame_00613_pose.txt,7.61624583155664,2.08734611142516,-2.945601645158352,6.654088106285588,5,532,frame_00532_pose.txt,70.85605889657013,69.2307302028075,21.776146176834743,11.462207923815448,70.15043196355958,-81,81,False
9,3,611,frame_00611_pose.txt,7.676959413535611,3.5660720470609397,-2.955311437062708,6.033071528310305,1,537,frame_00537_pose.txt,71.09381772013856,70.53265723697082,12.04780083157981,4.186032719769398,68.71483210548689,-74,74,False
9,3,611,frame_00611_pose.txt,7.676959413535611,3.5660720470609397,-2.955311437062708,6.033071528310305,2,535,frame_00535_pose.txt,71.07161985736666,70.27818557056796,14.56694316351702,5.590996457428216,68.78957295444805,-76,76,False
9,3,611,frame_00611_pose.txt,7.676959413535611,3.5660720470609397,-2.955311437062708,6.033071528310305,3,536,frame_00536_pose.txt,70.94212895920359,70.35245242575884,12.580247748161304,4.859916345433793,68.54335203108701,-75,75,False
9,3,611,frame_00611_pose.txt,7.676959413535611,3.5660720470609397,-2.955311437062708,6.033071528310305,4,538,frame_00538_pose.txt,70.88917039901432,70.40795535716168,10.723411980372004,3.0557751953028065,68.5047959428245,-73,73,False
9,3,611,frame_00611_pose.txt,7.676959413535611,3.5660720470609397,-2.955311437062708,6.033071528310305,5,532,frame_00532_pose.txt,70.85605889657013,69.2307302028075,21.776146176834743,11.462207923815448,68.64750069030497,-79,79,False
10,1,425,frame_00425_pose.txt,3.1118123283452315,0.5390458406150647,-1.3343858098844903,-2.7653799309128493,1,582,frame_00582_pose.txt,66.49028867022544,49.20456609196173,-50.8052923316838,-35.95761252169687,65.00697683964285,157,157,True
10,1,425,frame_00425_pose.txt,3.1118123283452315,0.5390458406150647,-1.3343858098844903,-2.7653799309128493,2,578,frame_00578_pose.txt,66.11607914912695,50.89732489149488,-48.7043553566683,-34.58257203972298,64.70028001205112,153,153,True
10,1,425,frame_00425_pose.txt,3.1118123283452315,0.5390458406150647,-1.3343858098844903,-2.7653799309128493,3,581,frame_00581_pose.txt,65.98084718694001,50.650209898047706,-48.94352444275927,-33.65798746070165,64.58482788612831,156,156,True
10,1,425,frame_00425_pose.txt,3.1118123283452315,0.5390458406150647,-1.3343858098844903,-2.7653799309128493,4,580,frame_00580_pose.txt,65.94693856570035,51.15776893155266,-48.43859416270882,-33.19008082929945,64.57434838603425,155,155,True
10,1,425,frame_00425_pose.txt,3.1118123283452315,0.5390458406150647,-1.3343858098844903,-2.7653799309128493,5,579,frame_00579_pose.txt,65.88110327945608,51.54921784211337,-47.99476878815501,-32.61274591001472,64.53195194174982,154,154,True
10,2,424,frame_00424_pose.txt,4.107432320834541,2.6999269114549564,-1.6465338521103725,-2.660553762190652,1,582,frame_00582_pose.txt,66.49028867022544,49.20456609196173,-50.8052923316838,-35.95761252169687,62.99828353048252,158,158,True
10,2,424,frame_00424_pose.txt,4.107432320834541,2.6999269114549564,-1.6465338521103725,-2.660553762190652,2,578,frame_00578_pose.txt,66.11607914912695,50.89732489149488,-48.7043553566683,-34.58257203972298,62.662189535429164,154,154,True
10,2,424,frame_00424_pose.txt,4.107432320834541,2.6999269114549564,-1.6465338521103725,-2.660553762190652,3,581,frame_00581_pose.txt,65.98084718694001,50.650209898047706,-48.94352444275927,-33.65798746070165,62.55246376056473,157,157,True
10,2,424,frame_00424_pose.txt,4.107432320834541,2.6999269114549564,-1.6465338521103725,-2.660553762190652,4,580,frame_00580_pose.txt,65.94693856570035,51.15776893155266,-48.43859416270882,-33.19008082929945,62.534336625951354,156,156,True
10,2,424,frame_00424_pose.txt,4.107432320834541,2.6999269114549564,-1.6465338521103725,-2.660553762190652,5,579,frame_00579_pose.txt,65.88110327945608,51.54921784211337,-47.99476878815501,-32.61274591001472,62.486332026385746,155,155,True
10,3,426,frame_00426_pose.txt,4.742384633872945,-2.119143326403269,-0.4599106450552226,-4.209377810323847,1,582,frame_00582_pose.txt,66.49028867022544,49.20456609196173,-50.8052923316838,-35.95761252169687,67.57107407609121,156,156,True
10,3,426,frame_00426_pose.txt,4.742384633872945,-2.119143326403269,-0.4599106450552226,-4.209377810323847,2,578,frame_00578_pose.txt,66.11607914912695,50.89732489149488,-48.7043553566683,-34.58257203972298,67.30514859673056,152,152,True
10,3,426,frame_00426_pose.txt,4.742384633872945,-2.119143326403269,-0.4599106450552226,-4.209377810323847,3,581,frame_00581_pose.txt,65.98084718694001,50.650209898047706,-48.94352444275927,-33.65798746070165,67.20441745808233,155,155,True
10,3,426,frame_00426_pose.txt,4.742384633872945,-2.119143326403269,-0.4599106450552226,-4.209377810323847,4,580,frame_00580_pose.txt,65.94693856570035,51.15776893155266,-48.43859416270882,-33.19008082929945,67.20775004878244,154,154,True
10,3,426,frame_00426_pose.txt,4.742384633872945,-2.119143326403269,-0.4599106450552226,-4.209377810323847,5,579,frame_00579_pose.txt,65.88110327945608,51.54921784211337,-47.99476878815501,-32.61274591001472,67.17929445632704,153,153,True
11,1,382,frame_00382_pose.txt,5.542398863385353,-0.0712937001652335,4.407010746954764,-3.364000184808124,1,424,frame_00424_pose.txt,58.46619760375153,57.47864192351378,13.3879606919123,7.508473304924473,58.273852544785804,42,42,True
11,1,382,frame_00382_pose.txt,5.542398863385353,-0.0712937001652335,4.407010746954764,-3.364000184808124,2,420,frame_00420_pose.txt,58.42333348652622,57.61036214807287,11.7265525229819,3.7493045306474655,58.05212966754833,38,38,True
11,1,382,frame_00382_pose.txt,5.542398863385353,-0.0712937001652335,4.407010746954764,-3.364000184808124,3,432,frame_00432_pose.txt,58.41751589595657,58.10989557765494,-0.9637694599223268,-6.750750252217879,58.33871699055041,50,50,True
11,1,382,frame_00382_pose.txt,5.542398863385353,-0.0712937001652335,4.407010746954764,-3.364000184808124,4,419,frame_00419_pose.txt,58.38542855190583,57.527205740703046,12.175432493134725,4.390970761815526,58.0281683260988,37,37,True
11,1,382,frame_00382_pose.txt,5.542398863385353,-0.0712937001652335,4.407010746954764,-3.364000184808124,5,428,frame_00428_pose.txt,58.37301444286933,58.03561095040794,5.47813866687981,-1.677795629925367,58.12250881699151,46,46,True
11,2,383,frame_00383_pose.txt,5.823599761505013,1.007787310177734,4.883998906129644,-2.9658885392906256,1,424,frame_00424_pose.txt,58.46619760375153,57.47864192351378,13.3879606919123,7.508473304924473,57.142148269811905,41,41,True
11,2,383,frame_00383_pose.txt,5.823599761505013,1.007787310177734,4.883998906129644,-2.9658885392906256,2,420,frame_00420_pose.txt,58.42333348652622,57.61036214807287,11.7265525229819,3.7493045306474655,56.932055289264866,37,37,True
11,2,383,frame_00383_pose.txt,5.823599761505013,1.007787310177734,4.883998906129644,-2.9658885392906256,3,432,frame_00432_pose.txt,58.41751589595657,58.10989557765494,-0.9637694599223268,-6.750750252217879,57.2914724486027,49,49,True
11,2,383,frame_00383_pose.txt,5.823599761505013,1.007787310177734,4.883998906129644,-2.9658885392906256,4,419,frame_00419_pose.txt,58.38542855190583,57.527205740703046,12.175432493134725,4.390970761815526,56.90522158157198,36,36,True
11,2,383,frame_00383_pose.txt,5.823599761505013,1.007787310177734,4.883998906129644,-2.9658885392906256,5,428,frame_00428_pose.txt,58.37301444286933,58.03561095040794,5.47813866687981,-1.677795629925367,57.03708652964736,45,45,True
11,3,381,frame_00381_pose.txt,6.191486750343264,-3.750645824719458,4.162805020894486,-2.7765881198373337,1,424,frame_00424_pose.txt,58.46619760375153,57.47864192351378,13.3879606919123,7.508473304924473,61.89723186762029,43,43,True
11,3,381,frame_00381_pose.txt,6.191486750343264,-3.750645824719458,4.162805020894486,-2.7765881198373337,2,420,frame_00420_pose.txt,58.42333348652622,57.61036214807287,11.7265525229819,3.7493045306474655,61.71124203233801,39,39,True
11,3,381,frame_00381_pose.txt,6.191486750343264,-3.750645824719458,4.162805020894486,-2.7765881198373337,3,432,frame_00432_pose.txt,58.41751589595657,58.10989557765494,-0.9637694599223268,-6.750750252217879,62.0086832451987,51,51,True
11,3,381,frame_00381_pose.txt,6.191486750343264,-3.750645824719458,4.162805020894486,-2.7765881198373337,4,419,frame_00419_pose.txt,58.38542855190583,57.527205740703046,12.175432493134725,4.390970761815526,61.68269231430926,38,38,True
11,3,381,frame_00381_pose.txt,6.191486750343264,-3.750645824719458,4.162805020894486,-2.7765881198373337,5,428,frame_00428_pose.txt,58.37301444286933,58.03561095040794,5.47813866687981,-1.677795629925367,61.79645265857158,47,47,True
12,1,278,frame_00278_pose.txt,5.175222155830637,1.6269612298521363,4.556582656496975,-1.773053466341869,1,575,frame_00575_pose.txt,58.9088541675296,36.56664479392025,-47.92743872843926,-30.375337947653463,60.28394491878892,297,297,True
12,1,278,frame_00278_pose.txt,5.175222155830637,1.6269612298521363,4.556582656496975,-1.773053466341869,2,576,frame_00576_pose.txt,58.8915905393577,36.025614580498925,-48.08852594161,-30.722352834717924,60.27599571441233,298,298,True
12,1,278,frame_00278_pose.txt,5.175222155830637,1.6269612298521363,4.556582656496975,-1.773053466341869,3,574,frame_00574_pose.txt,58.64782422176344,36.035313677730926,-47.7022850757488,-30.66374154485167,60.010721839059286,296,296,True
12,1,278,frame_00278_pose.txt,5.175222155830637,1.6269612298521363,4.556582656496975,-1.773053466341869,4,577,frame_00577_pose.txt,58.53970998285092,35.45187702625797,-47.89142413019098,-30.56602886070841,59.9470411506383,299,299,True
12,1,278,frame_00278_pose.txt,5.175222155830637,1.6269612298521363,4.556582656496975,-1.773053466341869,5,580,frame_00580_pose.txt,58.48851277186147,34.2791959299547,-48.36819393221658,-30.73812299355759,59.96470386583937,302,302,True
12,2,274,frame_00274_pose.txt,5.204359320051479,-1.6586004143902102,4.762537336140448,-1.357620863349695,1,575,frame_00575_pose.txt,58.9088541675296,36.56664479392025,-47.92743872843926,-30.375337947653463,62.90265120732021,301,301,True
12,2,274,frame_00274_pose.txt,5.204359320051479,-1.6586004143902102,4.762537336140448,-1.357620863349695,2,576,frame_00576_pose.txt,58.8915905393577,36.025614580498925,-48.08852594161,-30.722352834717924,62.882787779426614,302,302,True
12,2,274,frame_00274_pose.txt,5.204359320051479,-1.6586004143902102,4.762537336140448,-1.357620863349695,3,574,frame_00574_pose.txt,58.64782422176344,36.035313677730926,-47.7022850757488,-30.66374154485167,62.624623582482606,300,300,True
12,2,274,frame_00274_pose.txt,5.204359320051479,-1.6586004143902102,4.762537336140448,-1.357620863349695,4,577,frame_00577_pose.txt,58.53970998285092,35.45187702625797,-47.89142413019098,-30.56602886070841,62.539106538409406,303,303,True
12,2,274,frame_00274_pose.txt,5.204359320051479,-1.6586004143902102,4.762537336140448,-1.357620863349695,5,580,frame_00580_pose.txt,58.48851277186147,34.2791959299547,-48.36819393221658,-30.73812299355759,62.5165351295851,306,306,True
12,3,277,frame_00277_pose.txt,5.3547360258379575,0.9738860811775212,4.899569602403437,-1.8880227963700889,1,575,frame_00575_pose.txt,58.9088541675296,36.56664479392025,-47.92743872843926,-30.375337947653463,60.97162198220283,298,298,True
12,3,277,frame_00277_pose.txt,5.3547360258379575,0.9738860811775212,4.899569602403437,-1.8880227963700889,2,576,frame_00576_pose.txt,58.8915905393577,36.025614580498925,-48.08852594161,-30.722352834717924,60.96055167567574,299,299,True
12,3,277,frame_00277_pose.txt,5.3547360258379575,0.9738860811775212,4.899569602403437,-1.8880227963700889,3,574,frame_00574_pose.txt,58.64782422176344,36.035313677730926,-47.7022850757488,-30.66374154485167,60.695438254633125,297,297,True
12,3,277,frame_00277_pose.txt,5.3547360258379575,0.9738860811775212,4.899569602403437,-1.8880227963700889,4,577,frame_00577_pose.txt,58.53970998285092,35.45187702625797,-47.89142413019098,-30.56602886070841,60.629102684323826,300,300,True
12,3,277,frame_00277_pose.txt,5.3547360258379575,0.9738860811775212,4.899569602403437,-1.8880227963700889,5,580,frame_00580_pose.txt,58.48851277186147,34.2791959299547,-48.36819393221658,-30.73812299355759,60.64054390931717,303,303,True
13,1,215,frame_00215_pose.txt,5.196141421256415,0.935159879244046,4.311954776232094,2.7807209059437668,1,447,frame_00447_pose.txt,73.36913920637649,71.16198349733524,-17.81946207820432,-27.430061007989785,72.87570931913854,232,232,True
13,1,215,frame_00215_pose.txt,5.196141421256415,0.935159879244046,4.311954776232094,2.7807209059437668,2,443,frame_00443_pose.txt,73.35774750488251,70.8729612616411,-20.939110151089704,-29.06708737604747,72.94717132205595,228,228,True
13,1,215,frame_00215_pose.txt,5.196141421256415,0.935159879244046,4.311954776232094,2.7807209059437668,3,449,frame_00449_pose.txt,73.26620057999982,71.69755026262436,-13.987859446670164,-23.159971720643213,72.6742950461621,234,234,True
13,1,215,frame_00215_pose.txt,5.196141421256415,0.935159879244046,4.311954776232094,2.7807209059437668,4,448,frame_00448_pose.txt,73.16667827409333,71.26502389010791,-15.668291543499656,-25.345259570864165,72.62298972058464,233,233,True
13,1,215,frame_00215_pose.txt,5.196141421256415,0.935159879244046,4.311954776232094,2.7807209059437668,5,445,frame_00445_pose.txt,73.03523822487576,70.33709320198203,-20.27659393750415,-29.83802190316617,72.62571557346999,230,230,True
13,2,216,frame_00216_pose.txt,5.274319201576206,-0.2537128912995705,4.008272204161411,3.4105848172281465,1,447,frame_00447_pose.txt,73.36913920637649,71.16198349733524,-17.81946207820432,-27.430061007989785,74.15589927032937,231,231,True
13,2,216,frame_00216_pose.txt,5.274319201576206,-0.2537128912995705,4.008272204161411,3.4105848172281465,2,443,frame_00443_pose.txt,73.35774750488251,70.8729612616411,-20.939110151089704,-29.06708737604747,74.21700507443653,227,227,True
13,2,216,frame_00216_pose.txt,5.274319201576206,-0.2537128912995705,4.008272204161411,3.4105848172281465,3,449,frame_00449_pose.txt,73.26620057999982,71.69755026262436,-13.987859446670164,-23.159971720643213,73.94946087478412,233,233,True
13,2,216,frame_00216_pose.txt,5.274319201576206,-0.2537128912995705,4.008272204161411,3.4105848172281465,4,448,frame_00448_pose.txt,73.16667827409333,71.26502389010791,-15.668291543499656,-25.345259570864165,73.90301967318698,232,232,True
13,2,216,frame_00216_pose.txt,5.274319201576206,-0.2537128912995705,4.008272204161411,3.4105848172281465,5,445,frame_00445_pose.txt,73.03523822487576,70.33709320198203,-20.27659393750415,-29.83802190316617,73.90686066165799,229,229,True
13,3,214,frame_00214_pose.txt,5.302913399181563,1.95416472363291,4.0732929350595874,2.848170990280161,1,447,frame_00447_pose.txt,73.36913920637649,71.16198349733524,-17.81946207820432,-27.430061007989785,71.88343974680681,233,233,True
13,3,214,frame_00214_pose.txt,5.302913399181563,1.95416472363291,4.0732929350595874,2.848170990280161,2,443,frame_00443_pose.txt,73.35774750488251,70.8729612616411,-20.939110151089704,-29.06708737604747,71.94785769714424,229,229,True
13,3,214,frame_00214_pose.txt,5.302913399181563,1.95416472363291,4.0732929350595874,2.848170990280161,3,449,frame_00449_pose.txt,73.26620057999982,71.69755026262436,-13.987859446670164,-23.159971720643213,71.68006470220107,235,235,True
13,3,214,frame_00214_pose.txt,5.302913399181563,1.95416472363291,4.0732929350595874,2.848170990280161,4,448,frame_00448_pose.txt,73.16667827409333,71.26502389010791,-15.668291543499656,-25.345259570864165,71.6311670530325,234,234,True
13,3,214,frame_00214_pose.txt,5.302913399181563,1.95416472363291,4.0732929350595874,2.848170990280161,5,445,frame_00445_pose.txt,73.03523822487576,70.33709320198203,-20.27659393750415,-29.83802190316617,71.63352899180204,231,231,True
14,1,792,frame_00792_pose.txt,0.7579574456676567,-0.2321196747082606,-0.4956922662708024,0.5226242036231074,1,401,frame_00401_pose.txt,74.35530962135955,74.15992101266285,1.4314246798910188,-4.663874293112935,74.65431954321866,-391,391,False
14,1,792,frame_00792_pose.txt,0.7579574456676567,-0.2321196747082606,-0.4956922662708024,0.5226242036231074,2,402,frame_00402_pose.txt,74.3170474708102,74.11780803601127,1.4708758390461054,-4.6859980161371215,74.6166948927393,-390,390,False
14,1,792,frame_00792_pose.txt,0.7579574456676567,-0.2321196747082606,-0.4956922662708024,0.5226242036231074,3,399,frame_00399_pose.txt,74.21674631155736,73.94562435837949,0.1946202611946264,-6.697948613854657,74.5238712418184,-393,393,False
14,1,792,frame_00792_pose.txt,0.7579574456676567,-0.2321196747082606,-0.4956922662708024,0.5226242036231074,4,398,frame_00398_pose.txt,74.1436172347883,73.80027340118733,-1.475615111428633,-8.741745045320581,74.45460614581837,-394,394,False
14,1,792,frame_00792_pose.txt,0.7579574456676567,-0.2321196747082606,-0.4956922662708024,0.5226242036231074,5,403,frame_00403_pose.txt,74.0651288162069,73.81696685866717,1.2148662027897503,-5.5794922608075845,74.37132639254868,-389,389,False
14,2,20,frame_00020_pose.txt,2.2848093680666035,-0.4693587123177995,2.2044549981703243,-0.3826535709868534,1,401,frame_00401_pose.txt,74.35530962135955,74.15992101266285,1.4314246798910188,-4.663874293112935,74.7089904402163,381,381,True
14,2,20,frame_00020_pose.txt,2.2848093680666035,-0.4693587123177995,2.2044549981703243,-0.3826535709868534,2,402,frame_00402_pose.txt,74.3170474708102,74.11780803601127,1.4708758390461054,-4.6859980161371215,74.66903297701136,382,382,True
14,2,20,frame_00020_pose.txt,2.2848093680666035,-0.4693587123177995,2.2044549981703243,-0.3826535709868534,3,399,frame_00399_pose.txt,74.21674631155736,73.94562435837949,0.1946202611946264,-6.697948613854657,74.55769110542559,379,379,True
14,2,20,frame_00020_pose.txt,2.2848093680666035,-0.4693587123177995,2.2044549981703243,-0.3826535709868534,4,398,frame_00398_pose.txt,74.1436172347883,73.80027340118733,-1.475615111428633,-8.741745045320581,74.48436117006091,378,378,True
14,2,20,frame_00020_pose.txt,2.2848093680666035,-0.4693587123177995,2.2044549981703243,-0.3826535709868534,5,403,frame_00403_pose.txt,74.0651288162069,73.81696685866717,1.2148662027897503,-5.5794922608075845,74.40305194773599,383,383,True
14,3,793,frame_00793_pose.txt,2.450544467176741,2.39274757989528,-0.5282376155546471,0.0189698703057306,1,401,frame_00401_pose.txt,74.35530962135955,74.15992101266285,1.4314246798910188,-4.663874293112935,72.00680574739391,-392,392,False
14,3,793,frame_00793_pose.txt,2.450544467176741,2.39274757989528,-0.5282376155546471,0.0189698703057306,2,402,frame_00402_pose.txt,74.3170474708102,74.11780803601127,1.4708758390461054,-4.6859980161371215,71.9691197372342,-391,391,False
14,3,793,frame_00793_pose.txt,2.450544467176741,2.39274757989528,-0.5282376155546471,0.0189698703057306,3,399,frame_00399_pose.txt,74.21674631155736,73.94562435837949,0.1946202611946264,-6.697948613854657,71.87330228650173,-394,394,False
14,3,793,frame_00793_pose.txt,2.450544467176741,2.39274757989528,-0.5282376155546471,0.0189698703057306,4,398,frame_00398_pose.txt,74.1436172347883,73.80027340118733,-1.475615111428633,-8.741745045320581,71.80126675588271,-395,395,False
14,3,793,frame_00793_pose.txt,2.450544467176741,2.39274757989528,-0.5282376155546471,0.0189698703057306,5,403,frame_00403_pose.txt,74.0651288162069,73.81696685866717,1.2148662027897503,-5.5794922608075845,71.72230179496786,-390,390,False
15,1,389,frame_00389_pose.txt,4.284408531040865,3.54280509269573,2.341878090849001,-0.4999340364126514,1,259,frame_00259_pose.txt,77.642048763579,70.84463378983291,49.12993535226956,33.283455455860675,73.5907432155309,-130,130,False
15,1,389,frame_00389_pose.txt,4.284408531040865,3.54280509269573,2.341878090849001,-0.4999340364126514,2,243,frame_00243_pose.txt,77.38847745736884,68.30900012988488,53.74588724181348,36.36821316105497,73.28907135862742,-146,146,False
15,1,389,frame_00389_pose.txt,4.284408531040865,3.54280509269573,2.341878090849001,-0.4999340364126514,3,343,frame_00343_pose.txt,77.02484617527408,-5.057085756782942,76.53889275457122,4.870215811725737,74.85782921991407,-46,46,False
15,1,389,frame_00389_pose.txt,4.284408531040865,3.54280509269573,2.341878090849001,-0.4999340364126514,4,345,frame_00345_pose.txt,76.94786894770901,-5.954230325963232,75.927961187579,8.384804635834525,74.7495504707646,-44,44,False
15,1,389,frame_00389_pose.txt,4.284408531040865,3.54280509269573,2.341878090849001,-0.4999340364126514,5,255,frame_00255_pose.txt,76.47394621304498,70.11325679157414,46.44868201542808,31.23991371419677,72.43116092470653,-134,134,False
15,2,390,frame_00390_pose.txt,4.933289379376864,4.704588264510489,-0.7851987220626719,-1.292599719514829,1,259,frame_00259_pose.txt,77.642048763579,70.84463378983291,49.12993535226956,33.283455455860675,73.31123217362783,-131,131,False
15,2,390,frame_00390_pose.txt,4.933289379376864,4.704588264510489,-0.7851987220626719,-1.292599719514829,2,243,frame_00243_pose.txt,77.38847745736884,68.30900012988488,53.74588724181348,36.36821316105497,73.16871506685186,-147,147,False
15,2,390,frame_00390_pose.txt,4.933289379376864,4.704588264510489,-0.7851987220626719,-1.292599719514829,3,343,frame_00343_pose.txt,77.02484617527408,-5.057085756782942,76.53889275457122,4.870215811725737,78.06574911586871,-47,47,False
15,2,390,frame_00390_pose.txt,4.933289379376864,4.704588264510489,-0.7851987220626719,-1.292599719514829,4,345,frame_00345_pose.txt,76.94786894770901,-5.954230325963232,75.927961187579,8.384804635834525,77.94992813775357,-45,45,False
15,2,390,frame_00390_pose.txt,4.933289379376864,4.704588264510489,-0.7851987220626719,-1.292599719514829,5,255,frame_00255_pose.txt,76.47394621304498,70.11325679157414,46.44868201542808,31.23991371419677,72.13972256288224,-135,135,False
15,3,391,frame_00391_pose.txt,5.871121929156932,4.671232599814492,-3.2756590416135225,-1.528040340235717,1,259,frame_00259_pose.txt,77.642048763579,70.84463378983291,49.12993535226956,33.283455455860675,74.08253400487874,-132,132,False
15,3,391,frame_00391_pose.txt,5.871121929156932,4.671232599814492,-3.2756590416135225,-1.528040340235717,2,243,frame_00243_pose.txt,77.38847745736884,68.30900012988488,53.74588724181348,36.36821316105497,74.04802378301868,-148,148,False
15,3,391,frame_00391_pose.txt,5.871121929156932,4.671232599814492,-3.2756590416135225,-1.528040340235717,3,343,frame_00343_pose.txt,77.02484617527408,-5.057085756782942,76.53889275457122,4.870215811725737,80.53954795706684,-48,48,False
15,3,391,frame_00391_pose.txt,5.871121929156932,4.671232599814492,-3.2756590416135225,-1.528040340235717,4,345,frame_00345_pose.txt,76.94786894770901,-5.954230325963232,75.927961187579,8.384804635834525,80.41739955462207,-46,46,False
15,3,391,frame_00391_pose.txt,5.871121929156932,4.671232599814492,-3.2756590416135225,-1.528040340235717,5,255,frame_00255_pose.txt,76.47394621304498,70.11325679157414,46.44868201542808,31.23991371419677,72.90251257539448,-136,136,False
16,1,503,frame_00503_pose.txt,0.753613751423208,-0.4482225330743968,0.0993780263467328,-0.5980881910632099,1,439,frame_00439_pose.txt,68.41590115244925,1.6159957446659026,68.01165320852073,8.91822348578012,68.42763051352644,-64,64,False
16,1,503,frame_00503_pose.txt,0.753613751423208,-0.4482225330743968,0.0993780263467328,-0.5980881910632099,2,434,frame_00434_pose.txt,68.32255297909799,1.1488111048139795,68.23822018668277,4.297866791202142,68.27988154330785,-69,69,False
16,1,503,frame_00503_pose.txt,0.753613751423208,-0.4482225330743968,0.0993780263467328,-0.5980881910632099,3,440,frame_00440_pose.txt,68.02493806049023,-4.6977396207885,67.05735528350124,8.53424784875402,68.02864608573162,-63,63,False
16,1,503,frame_00503_pose.txt,0.753613751423208,-0.4482225330743968,0.0993780263467328,-0.5980881910632099,4,140,frame_00140_pose.txt,67.4876229589652,63.7443587229222,29.50374894177564,14.102838421601264,67.85961201796309,-363,363,False
16,1,503,frame_00503_pose.txt,0.753613751423208,-0.4482225330743968,0.0993780263467328,-0.5980881910632099,5,125,frame_00125_pose.txt,67.3249361922375,63.89267184508576,28.275402938777976,13.4550925344144,67.6999460436602,-378,378,False
16,2,504,frame_00504_pose.txt,1.3190770318529976,-0.5779635345728888,-0.8403953397826578,-0.8332214716637046,1,439,frame_00439_pose.txt,68.41590115244925,1.6159957446659026,68.01165320852073,8.91822348578012,69.3974427047852,-65,65,False
16,2,504,frame_00504_pose.txt,1.3190770318529976,-0.5779635345728888,-0.8403953397826578,-0.8332214716637046,2,434,frame_00434_pose.txt,68.32255297909799,1.1488111048139795,68.23822018668277,4.297866791202142,69.23867801873963,-70,70,False
16,2,504,frame_00504_pose.txt,1.3190770318529976,-0.5779635345728888,-0.8403953397826578,-0.8332214716637046,3,440,frame_00440_pose.txt,68.02493806049023,-4.6977396207885,67.05735528350124,8.53424784875402,68.99859364610221,-64,64,False
16,2,504,frame_00504_pose.txt,1.3190770318529976,-0.5779635345728888,-0.8403953397826578,-0.8332214716637046,4,140,frame_00140_pose.txt,67.4876229589652,63.7443587229222,29.50374894177564,14.102838421601264,68.22622212113899,-364,364,False
16,2,504,frame_00504_pose.txt,1.3190770318529976,-0.5779635345728888,-0.8403953397826578,-0.8332214716637046,5,125,frame_00125_pose.txt,67.3249361922375,63.89267184508576,28.275402938777976,13.4550925344144,68.05729500618362,-379,379,False
16,3,502,frame_00502_pose.txt,1.676389784931741,-0.7733099879111367,0.9247748287597348,-1.1725915188340268,1,439,frame_00439_pose.txt,68.41590115244925,1.6159957446659026,68.01165320852073,8.91822348578012,67.71724833451026,-63,63,False
16,3,502,frame_00502_pose.txt,1.676389784931741,-0.7733099879111367,0.9247748287597348,-1.1725915188340268,2,434,frame_00434_pose.txt,68.32255297909799,1.1488111048139795,68.23822018668277,4.297866791202142,67.5155122917356,-68,68,False
16,3,502,frame_00502_pose.txt,1.676389784931741,-0.7733099879111367,0.9247748287597348,-1.1725915188340268,3,440,frame_00440_pose.txt,68.02493806049023,-4.6977396207885,67.05735528350124,8.53424784875402,67.31977639836676,-62,62,False
16,3,502,frame_00502_pose.txt,1.676389784931741,-0.7733099879111367,0.9247748287597348,-1.1725915188340268,4,140,frame_00140_pose.txt,67.4876229589652,63.7443587229222,29.50374894177564,14.102838421601264,67.936891342865,-362,362,False
16,3,502,frame_00502_pose.txt,1.676389784931741,-0.7733099879111367,0.9247748287597348,-1.1725915188340268,5,125,frame_00125_pose.txt,67.3249361922375,63.89267184508576,28.275402938777976,13.4550925344144,67.78751413878827,-377,377,False
17,1,138,frame_00138_pose.txt,5.497427920743279,5.3052013244583645,-0.3301741358857826,-1.418349311357712,1,99,frame_00099_pose.txt,69.7449345546851,4.940420280926689,69.55815249300655,-0.7087525927229048,69.82890009945004,-39,39,False
17,1,138,frame_00138_pose.txt,5.497427920743279,5.3052013244583645,-0.3301741358857826,-1.418349311357712,2,98,frame_00098_pose.txt,69.23474531652444,5.436194398212824,69.01776105743274,-0.5823766105713661,69.2741738481836,-40,40,False
17,1,138,frame_00138_pose.txt,5.497427920743279,5.3052013244583645,-0.3301741358857826,-1.418349311357712,3,96,frame_00096_pose.txt,69.21614683537615,5.30308180847798,68.9950227888556,-0.8327433390170262,69.27320200347188,-42,42,False
17,1,138,frame_00138_pose.txt,5.497427920743279,5.3052013244583645,-0.3301741358857826,-1.418349311357712,4,95,frame_00095_pose.txt,69.06767498963741,6.159639510779289,68.82390378701113,-0.0464258190319582,69.03352951974306,-43,43,False
17,1,138,frame_00138_pose.txt,5.497427920743279,5.3052013244583645,-0.3301741358857826,-1.418349311357712,5,97,frame_00097_pose.txt,68.6203545559047,5.930154389227168,68.38410552921265,-0.2036803207133225,68.60722412225255,-41,41,False
17,2,139,frame_00139_pose.txt,5.683575636087276,5.173537971949183,-1.8709141919432688,-1.515031650557561,1,99,frame_00099_pose.txt,69.7449345546851,4.940420280926689,69.55815249300655,-0.7087525927229048,71.36222597514234,-40,40,False
17,2,139,frame_00139_pose.txt,5.683575636087276,5.173537971949183,-1.8709141919432688,-1.515031650557561,2,98,frame_00098_pose.txt,69.23474531652444,5.436194398212824,69.01776105743274,-0.5823766105713661,70.80816508444923,-41,41,False
17,2,139,frame_00139_pose.txt,5.683575636087276,5.173537971949183,-1.8709141919432688,-1.515031650557561,3,96,frame_00096_pose.txt,69.21614683537615,5.30308180847798,68.9950227888556,-0.8327433390170262,70.80657497178886,-43,43,False
17,2,139,frame_00139_pose.txt,5.683575636087276,5.173537971949183,-1.8709141919432688,-1.515031650557561,4,95,frame_00095_pose.txt,69.06767498963741,6.159639510779289,68.82390378701113,-0.0464258190319582,70.56900043277992,-44,44,False
17,2,139,frame_00139_pose.txt,5.683575636087276,5.173537971949183,-1.8709141919432688,-1.515031650557561,5,97,frame_00097_pose.txt,68.6203545559047,5.930154389227168,68.38410552921265,-0.2036803207133225,70.14230048079197,-42,42,False
17,3,140,frame_00140_pose.txt,5.90017675606672,4.588365798347287,-3.3964536200295665,-1.6353901533500623,1,99,frame_00099_pose.txt,69.7449345546851,4.940420280926689,69.55815249300655,-0.7087525927229048,72.88339528163712,-41,41,False
17,3,140,frame_00140_pose.txt,5.90017675606672,4.588365798347287,-3.3964536200295665,-1.6353901533500623,2,98,frame_00098_pose.txt,69.23474531652444,5.436194398212824,69.01776105743274,-0.5823766105713661,72.33307378029129,-42,42,False
17,3,140,frame_00140_pose.txt,5.90017675606672,4.588365798347287,-3.3964536200295665,-1.6353901533500623,3,96,frame_00096_pose.txt,69.21614683537615,5.30308180847798,68.9950227888556,-0.8327433390170262,72.32913961598885,-44,44,False
17,3,140,frame_00140_pose.txt,5.90017675606672,4.588365798347287,-3.3964536200295665,-1.6353901533500623,4,95,frame_00095_pose.txt,69.06767498963741,6.159639510779289,68.82390378701113,-0.0464258190319582,72.10136616956883,-45,45,False
17,3,140,frame_00140_pose.txt,5.90017675606672,4.588365798347287,-3.3964536200295665,-1.6353901533500623,5,97,frame_00097_pose.txt,68.6203545559047,5.930154389227168,68.38410552921265,-0.2036803207133225,71.67248532226316,-43,43,False
18,1,207,frame_00207_pose.txt,3.7830766219473193,-3.3554495914288927,0.6886200794157806,1.5867095563540137,1,482,frame_00482_pose.txt,82.47010366074996,1.2244184049408997,82.41781611638535,-2.112854877381104,81.8351043570695,275,275,True
18,1,207,frame_00207_pose.txt,3.7830766219473193,-3.3554495914288927,0.6886200794157806,1.5867095563540137,2,476,frame_00476_pose.txt,81.93158198461585,4.603165654941313,81.73709295406475,-1.7869424361809922,81.4654342412703,269,269,True
18,1,207,frame_00207_pose.txt,3.7830766219473193,-3.3554495914288927,0.6886200794157806,1.5867095563540137,3,481,frame_00481_pose.txt,81.48525084472021,-0.3859926116598525,81.48169462200062,-1.1505622262673487,80.78730401784533,274,274,True
18,1,207,frame_00207_pose.txt,3.7830766219473193,-3.3554495914288927,0.6886200794157806,1.5867095563540137,4,475,frame_00475_pose.txt,80.34184168121165,3.5871045942638973,80.20897428231744,-1.6614500951664628,79.83432951190709,268,268,True
18,1,207,frame_00207_pose.txt,3.7830766219473193,-3.3554495914288927,0.6886200794157806,1.5867095563540137,5,483,frame_00483_pose.txt,77.84573676463589,1.9084459209098088,77.81287616487201,3.733795673398819,77.32795733236281,276,276,True
18,2,267,frame_00267_pose.txt,4.248983284563316,-2.141256783710435,2.9985911971575208,2.0620338703820846,1,482,frame_00482_pose.txt,82.47010366074996,1.2244184049408997,82.41781611638535,-2.112854877381104,79.53679248892996,215,215,True
18,2,267,frame_00267_pose.txt,4.248983284563316,-2.141256783710435,2.9985911971575208,2.0620338703820846,2,476,frame_00476_pose.txt,81.93158198461585,4.603165654941313,81.73709295406475,-1.7869424361809922,79.14075317148948,209,209,True
18,2,267,frame_00267_pose.txt,4.248983284563316,-2.141256783710435,2.9985911971575208,2.0620338703820846,3,481,frame_00481_pose.txt,81.48525084472021,-0.3859926116598525,81.48169462200062,-1.1505622262673487,78.4838062388332,214,214,True
18,2,267,frame_00267_pose.txt,4.248983284563316,-2.141256783710435,2.9985911971575208,2.0620338703820846,4,475,frame_00475_pose.txt,80.34184168121165,3.5871045942638973,80.20897428231744,-1.6614500951664628,77.51180277881281,208,208,True
18,2,267,frame_00267_pose.txt,4.248983284563316,-2.141256783710435,2.9985911971575208,2.0620338703820846,5,483,frame_00483_pose.txt,77.84573676463589,1.9084459209098088,77.81287616487201,3.733795673398819,74.92708269354229,216,216,True
18,3,206,frame_00206_pose.txt,4.260181672600897,-2.744961155127824,2.532954340646857,1.9897007959068589,1,482,frame_00482_pose.txt,82.47010366074996,1.2244184049408997,82.41781611638535,-2.112854877381104,80.0001209171662,276,276,True
18,3,206,frame_00206_pose.txt,4.260181672600897,-2.744961155127824,2.532954340646857,1.9897007959068589,2,476,frame_00476_pose.txt,81.93158198461585,4.603165654941313,81.73709295406475,-1.7869424361809922,79.62417167559384,270,270,True
18,3,206,frame_00206_pose.txt,4.260181672600897,-2.744961155127824,2.532954340646857,1.9897007959068589,3,481,frame_00481_pose.txt,81.48525084472021,-0.3859926116598525,81.48169462200062,-1.1505622262673487,78.94465259245068,275,275,True
18,3,206,frame_00206_pose.txt,4.260181672600897,-2.744961155127824,2.532954340646857,1.9897007959068589,4,475,frame_00475_pose.txt,80.34184168121165,3.5871045942638973,80.20897428231744,-1.6614500951664628,77.99169658972266,269,269,True
18,3,206,frame_00206_pose.txt,4.260181672600897,-2.744961155127824,2.532954340646857,1.9897007959068589,5,483,frame_00483_pose.txt,77.84573676463589,1.9084459209098088,77.81287616487201,3.733795673398819,75.43221609669621,277,277,True
19,1,131,frame_00131_pose.txt,5.200251989525716,0.7381448013338838,4.455629690607526,-2.549500935287903,1,96,frame_00096_pose.txt,68.48169254655538,-6.769076788507209,68.10831221803099,1.1789740790750272,64.33906968733974,-35,35,False
19,1,131,frame_00131_pose.txt,5.200251989525716,0.7381448013338838,4.455629690607526,-2.549500935287903,2,95,frame_00095_pose.txt,68.34215832695351,-2.9229462765496184,68.30689326039452,-1.0504769486586587,63.9893316561023,-36,36,False
19,1,131,frame_00131_pose.txt,5.200251989525716,0.7381448013338838,4.455629690607526,-2.549500935287903,3,99,frame_00099_pose.txt,67.61461691307221,-1.8076827049025372,67.59361113947911,-0.0180966588733566,63.253027512999736,-32,32,False
19,1,131,frame_00131_pose.txt,5.200251989525716,0.7381448013338838,4.455629690607526,-2.549500935287903,4,100,frame_00100_pose.txt,67.56230837172953,0.909751830040402,67.515396691701,-1.986520115339946,63.05413853641665,-31,31,False
19,1,131,frame_00131_pose.txt,5.200251989525716,0.7381448013338838,4.455629690607526,-2.549500935287903,5,97,frame_00097_pose.txt,67.48328134686807,-3.646553967048266,67.40032200570478,-0.1286121947772436,63.18449430525485,-34,34,False
19,2,130,frame_00130_pose.txt,5.35811174114733,1.3685367966961188,5.014746812226908,-1.241220083233321,1,96,frame_00096_pose.txt,68.48169254655538,-6.769076788507209,68.10831221803099,1.1789740790750272,63.71680504263286,-34,34,False
19,2,130,frame_00130_pose.txt,5.35811174114733,1.3685367966961188,5.014746812226908,-1.241220083233321,2,95,frame_00095_pose.txt,68.34215832695351,-2.9229462765496184,68.30689326039452,-1.0504769486586587,63.42527185168079,-35,35,False
19,2,130,frame_00130_pose.txt,5.35811174114733,1.3685367966961188,5.014746812226908,-1.241220083233321,3,99,frame_00099_pose.txt,67.61461691307221,-1.8076827049025372,67.59361113947911,-0.0180966588733566,62.66665520205547,-31,31,False
19,2,130,frame_00130_pose.txt,5.35811174114733,1.3685367966961188,5.014746812226908,-1.241220083233321,4,100,frame_00100_pose.txt,67.56230837172953,0.909751830040402,67.515396691701,-1.986520115339946,62.52097151706799,-30,30,False
19,2,130,frame_00130_pose.txt,5.35811174114733,1.3685367966961188,5.014746812226908,-1.241220083233321,5,97,frame_00097_pose.txt,67.48328134686807,-3.646553967048266,67.40032200570478,-0.1286121947772436,62.5975185066375,-33,33,False
19,3,132,frame_00132_pose.txt,5.897946833094408,-0.3621461669324378,3.983523234553156,-4.347686805751916,1,96,frame_00096_pose.txt,68.48169254655538,-6.769076788507209,68.10831221803099,1.1789740790750272,64.96177249394282,-36,36,False
19,3,132,frame_00132_pose.txt,5.897946833094408,-0.3621461669324378,3.983523234553156,-4.347686805751916,2,95,frame_00095_pose.txt,68.34215832695351,-2.9229462765496184,68.30689326039452,-1.0504769486586587,64.53850566616461,-37,37,False
19,3,132,frame_00132_pose.txt,5.897946833094408,-0.3621461669324378,3.983523234553156,-4.347686805751916,3,99,frame_00099_pose.txt,67.61461691307221,-1.8076827049025372,67.59361113947911,-0.0180966588733566,63.8382516590392,-33,33,False
19,3,132,frame_00132_pose.txt,5.897946833094408,-0.3621461669324378,3.983523234553156,-4.347686805751916,4,100,frame_00100_pose.txt,67.56230837172953,0.909751830040402,67.515396691701,-1.986520115339946,63.57126773243459,-32,32,False
19,3,132,frame_00132_pose.txt,5.897946833094408,-0.3621461669324378,3.983523234553156,-4.347686805751916,5,97,frame_00097_pose.txt,67.48328134686807,-3.646553967048266,67.40032200570478,-0.1286121947772436,63.76531763713487,-35,35,False
20,1,198,frame_00198_pose.txt,3.779166841268748,3.5428861230564657,0.424041223222609,-1.2312535815413932,1,50,frame_00050_pose.txt,72.1760063290236,68.15225591523587,26.227526541496463,1.3290681267612288,68.49879122882335,-148,148,False
20,1,198,frame_00198_pose.txt,3.779166841268748,3.5428861230564657,0.424041223222609,-1.2312535815413932,2,49,frame_00049_pose.txt,72.1263471410169,68.11577164835738,25.96304102678555,1.0027194296489492,68.44804831361519,-149,149,False
20,1,198,frame_00198_pose.txt,3.779166841268748,3.5428861230564657,0.424041223222609,-1.2312535815413932,3,47,frame_00047_pose.txt,71.87959025574449,67.7500753482573,27.54693790603742,3.057361190128176,68.21080372582163,-151,151,False
20,1,198,frame_00198_pose.txt,3.779166841268748,3.5428861230564657,0.424041223222609,-1.2312535815413932,4,52,frame_00052_pose.txt,71.87615394020234,67.89241513688168,24.368306585573222,-1.15035505954048,68.19147292215455,-146,146,False
20,1,198,frame_00198_pose.txt,3.779166841268748,3.5428861230564657,0.424041223222609,-1.2312535815413932,5,51,frame_00051_pose.txt,71.79896975911203,67.72675635942741,25.339977937228173,-0.0952775159785977,68.11942765317204,-147,147,False
20,2,199,frame_00199_pose.txt,4.240855681461419,3.805885542579487,-1.3396089217721094,-1.3507008765428814,1,50,frame_00050_pose.txt,72.1760063290236,68.15225591523587,26.227526541496463,1.3290681267612288,68.79964467435083,-149,149,False
20,2,199,frame_00199_pose.txt,4.240855681461419,3.805885542579487,-1.3396089217721094,-1.3507008765428814,2,49,frame_00049_pose.txt,72.1263471410169,68.11577164835738,25.96304102678555,1.0027194296489492,68.74842934883438,-150,150,False
20,2,199,frame_00199_pose.txt,4.240855681461419,3.805885542579487,-1.3396089217721094,-1.3507008765428814,3,47,frame_00047_pose.txt,71.87959025574449,67.7500753482573,27.54693790603742,3.057361190128176,68.51913344497315,-152,152,False
20,2,199,frame_00199_pose.txt,4.240855681461419,3.805885542579487,-1.3396089217721094,-1.3507008765428814,4,52,frame_00052_pose.txt,71.87615394020234,67.89241513688168,24.368306585573222,-1.15035505954048,68.49132878659087,-147,147,False
20,2,199,frame_00199_pose.txt,4.240855681461419,3.805885542579487,-1.3396089217721094,-1.3507008765428814,5,51,frame_00051_pose.txt,71.79896975911203,67.72675635942741,25.339977937228173,-0.0952775159785977,68.42652338509615,-148,148,False
20,3,200,frame_00200_pose.txt,5.197090301709664,4.372494706945869,-2.7059505671037347,-0.8690292535491585,1,50,frame_00050_pose.txt,72.1760063290236,68.15225591523587,26.227526541496463,1.3290681267612288,68.85818411316346,-150,150,False
20,3,200,frame_00200_pose.txt,5.197090301709664,4.372494706945869,-2.7059505671037347,-0.8690292535491585,2,49,frame_00049_pose.txt,72.1263471410169,68.11577164835738,25.96304102678555,1.0027194296489492,68.80782232239397,-151,151,False
20,3,200,frame_00200_pose.txt,5.197090301709664,4.372494706945869,-2.7059505671037347,-0.8690292535491585,3,47,frame_00047_pose.txt,71.87959025574449,67.7500753482573,27.54693790603742,3.057361190128176,68.57688940941082,-153,153,False
20,3,200,frame_00200_pose.txt,5.197090301709664,4.372494706945869,-2.7059505671037347,-0.8690292535491585,4,52,frame_00052_pose.txt,71.87615394020234,67.89241513688168,24.368306585573222,-1.15035505954048,68.55940212449774,-148,148,False
20,3,200,frame_00200_pose.txt,5.197090301709664,4.372494706945869,-2.7059505671037347,-0.8690292535491585,5,51,frame_00051_pose.txt,71.79896975911203,67.72675635942741,25.339977937228173,-0.0952775159785977,68.49722704332797,-149,149,False
21,1,256,frame_00256_pose.txt,3.718702905783795,-0.1031353420233,-1.6767856202145792,-3.316016263036519,1,461,frame_00461_pose.txt,89.86124438329222,20.29366198853717,76.74060908694366,-33.33503186836749,89.87268726337028,205,205,True
21,1,256,frame_00256_pose.txt,3.718702905783795,-0.1031353420233,-1.6767856202145792,-3.316016263036519,2,460,frame_00460_pose.txt,89.79151652758522,18.769631703756584,78.96312177739212,-30.124941564703743,89.96714704903934,204,204,True
21,1,256,frame_00256_pose.txt,3.718702905783795,-0.1031353420233,-1.6767856202145792,-3.316016263036519,3,459,frame_00459_pose.txt,88.52384012280659,15.828443683681872,81.20163222414116,-24.378323961211,88.98017663257319,203,203,True
21,1,256,frame_00256_pose.txt,3.718702905783795,-0.1031353420233,-1.6767856202145792,-3.316016263036519,4,458,frame_00458_pose.txt,85.2283883838295,8.33739254388782,81.94709090810204,-18.247671217475872,86.09378514446264,202,202,True
21,1,256,frame_00256_pose.txt,3.718702905783795,-0.1031353420233,-1.6767856202145792,-3.316016263036519,5,462,frame_00462_pose.txt,82.95960982950517,18.59932303913157,70.2438948287733,-32.400651943219295,82.92605655810955,206,206,True
21,2,255,frame_00255_pose.txt,4.22299780096261,0.417076996010202,0.3356467406174557,-4.187821156582497,1,461,frame_00461_pose.txt,89.86124438329222,20.29366198853717,76.74060908694366,-33.33503186836749,87.69908907770187,206,206,True
21,2,255,frame_00255_pose.txt,4.22299780096261,0.417076996010202,0.3356467406174557,-4.187821156582497,2,460,frame_00460_pose.txt,89.79151652758522,18.769631703756584,78.96312177739212,-30.124941564703743,87.79025150636461,205,205,True
21,2,255,frame_00255_pose.txt,4.22299780096261,0.417076996010202,0.3356467406174557,-4.187821156582497,3,459,frame_00459_pose.txt,88.52384012280659,15.828443683681872,81.20163222414116,-24.378323961211,86.80400494074213,204,204,True
21,2,255,frame_00255_pose.txt,4.22299780096261,0.417076996010202,0.3356467406174557,-4.187821156582497,4,458,frame_00458_pose.txt,85.2283883838295,8.33739254388782,81.94709090810204,-18.247671217475872,83.96631536427813,203,203,True
21,2,255,frame_00255_pose.txt,4.22299780096261,0.417076996010202,0.3356467406174557,-4.187821156582497,5,462,frame_00462_pose.txt,82.95960982950517,18.59932303913157,70.2438948287733,-32.400651943219295,80.74590428840622,207,207,True
21,3,569,frame_00569_pose.txt,4.375474888929733,3.0715578786658035,-2.198383977317804,2.1500767613704594,1,461,frame_00461_pose.txt,89.86124438329222,20.29366198853717,76.74060908694366,-33.33503186836749,93.09833491951998,-108,108,False
21,3,569,frame_00569_pose.txt,4.375474888929733,3.0715578786658035,-2.198383977317804,2.1500767613704594,2,460,frame_00460_pose.txt,89.79151652758522,18.769631703756584,78.96312177739212,-30.124941564703743,92.98093201789797,-109,109,False
21,3,569,frame_00569_pose.txt,4.375474888929733,3.0715578786658035,-2.198383977317804,2.1500767613704594,3,459,frame_00459_pose.txt,88.52384012280659,15.828443683681872,81.20163222414116,-24.378323961211,91.60068930126388,-110,110,False
21,3,569,frame_00569_pose.txt,4.375474888929733,3.0715578786658035,-2.198383977317804,2.1500767613704594,4,458,frame_00458_pose.txt,85.2283883838295,8.33739254388782,81.94709090810204,-18.247671217475872,88.22057972567899,-111,111,False
21,3,569,frame_00569_pose.txt,4.375474888929733,3.0715578786658035,-2.198383977317804,2.1500767613704594,5,462,frame_00462_pose.txt,82.95960982950517,18.59932303913157,70.2438948287733,-32.400651943219295,86.17698374692952,-107,107,False
22,1,280,frame_00280_pose.txt,0.900483125362857,-0.0969273351555854,-0.3657610000281044,-0.8172842902705737,1,233,frame_00233_pose.txt,66.05932657374396,5.964025873495054,65.80632798239513,-0.2533525711064268,66.39097790607434,-47,47,False
22,1,280,frame_00280_pose.txt,0.900483125362857,-0.0969273351555854,-0.3657610000281044,-0.8172842902705737,2,234,frame_00234_pose.txt,65.80389666112163,4.592431774892377,65.64981251585387,-0.2766796881336559,66.14390420715002,-46,46,False
22,1,280,frame_00280_pose.txt,0.900483125362857,-0.0969273351555854,-0.3657610000281044,-0.8172842902705737,3,232,frame_00232_pose.txt,65.59776207801511,5.299498430951392,65.37528659194489,-0.6309925521460339,65.92918199067198,-48,48,False
22,1,280,frame_00280_pose.txt,0.900483125362857,-0.0969273351555854,-0.3657610000281044,-0.8172842902705737,4,231,frame_00231_pose.txt,65.48364329518681,5.094113624948719,65.28086045942969,-0.5462689253984034,65.81736112162062,-49,49,False
22,1,280,frame_00280_pose.txt,0.900483125362857,-0.0969273351555854,-0.3657610000281044,-0.8172842902705737,5,230,frame_00230_pose.txt,65.39617442554699,4.827042930257715,65.22562246220267,-0.2700628431314388,65.73484967942852,-50,50,False
22,2,316,frame_00316_pose.txt,2.347193964392311,1.3733790341010348,-0.4802665634630575,-1.8482098836692349,1,233,frame_00233_pose.txt,66.05932657374396,5.964025873495054,65.80632798239513,-0.2533525711064268,66.34229501830943,-83,83,False
22,2,316,frame_00316_pose.txt,2.347193964392311,1.3733790341010348,-0.4802665634630575,-1.8482098836692349,2,234,frame_00234_pose.txt,65.80389666112163,4.592431774892377,65.64981251585387,-0.2766796881336559,66.13428378646128,-82,82,False
22,2,316,frame_00316_pose.txt,2.347193964392311,1.3733790341010348,-0.4802665634630575,-1.8482098836692349,3,232,frame_00232_pose.txt,65.59776207801511,5.299498430951392,65.37528659194489,-0.6309925521460339,65.89850874975626,-84,84,False
22,2,316,frame_00316_pose.txt,2.347193964392311,1.3733790341010348,-0.4802665634630575,-1.8482098836692349,4,231,frame_00231_pose.txt,65.48364329518681,5.094113624948719,65.28086045942969,-0.5462689253984034,65.79254446158693,-85,85,False
22,2,316,frame_00316_pose.txt,2.347193964392311,1.3733790341010348,-0.4802665634630575,-1.8482098836692349,5,230,frame_00230_pose.txt,65.39617442554699,4.827042930257715,65.22562246220267,-0.2700628431314388,65.71794520337373,-86,86,False
22,3,281,frame_00281_pose.txt,2.9021024729875857,0.8478649180354024,-2.69377520222962,-0.6884379348230361,1,233,frame_00233_pose.txt,66.05932657374396,5.964025873495054,65.80632798239513,-0.2533525711064268,68.64305470717487,-48,48,False
22,3,281,frame_00281_pose.txt,2.9021024729875857,0.8478649180354024,-2.69377520222962,-0.6884379348230361,2,234,frame_00234_pose.txt,65.80389666112163,4.592431774892377,65.64981251585387,-0.2766796881336559,68.41523045157147,-47,47,False
22,3,281,frame_00281_pose.txt,2.9021024729875857,0.8478649180354024,-2.69377520222962,-0.6884379348230361,3,232,frame_00232_pose.txt,65.59776207801511,5.299498430951392,65.37528659194489,-0.6309925521460339,68.19392519169504,-49,49,False
22,3,281,frame_00281_pose.txt,2.9021024729875857,0.8478649180354024,-2.69377520222962,-0.6884379348230361,4,231,frame_00231_pose.txt,65.48364329518681,5.094113624948719,65.28086045942969,-0.5462689253984034,68.08402153791764,-50,50,False
22,3,281,frame_00281_pose.txt,2.9021024729875857,0.8478649180354024,-2.69377520222962,-0.6884379348230361,5,230,frame_00230_pose.txt,65.39617442554699,4.827042930257715,65.22562246220267,-0.2700628431314388,68.00236973949924,-51,51,False
23,1,327,frame_00327_pose.txt,2.5753418008788547,-0.2407478158311799,-0.7167607932787196,-2.4603947269799904,1,66,frame_00066_pose.txt,73.60558170322793,-70.57199001326727,-1.997630839290257,23.792033108426345,74.20600659127888,-261,261,False
23,1,327,frame_00327_pose.txt,2.5753418008788547,-0.2407478158311799,-0.7167607932787196,-2.4603947269799904,2,65,frame_00065_pose.txt,73.14114594740329,-70.7803399994976,1.6621423392261423,18.55565059517238,73.66758669614138,-262,262,False
23,1,327,frame_00327_pose.txt,2.5753418008788547,-0.2407478158311799,-0.7167607932787196,-2.4603947269799904,3,63,frame_00063_pose.txt,72.2059155469746,-69.83103116405393,1.1943047553950896,18.80700093457416,72.73767609281718,-264,264,False
23,1,327,frame_00327_pose.txt,2.5753418008788547,-0.2407478158311799,-0.7167607932787196,-2.4603947269799904,4,62,frame_00062_pose.txt,72.05990250138387,-70.09452551467994,4.2461553654342765,14.666488304257664,72.53392541059523,-265,265,False
23,1,327,frame_00327_pose.txt,2.5753418008788547,-0.2407478158311799,-0.7167607932787196,-2.4603947269799904,5,225,frame_00225_pose.txt,72.02012012584076,1.3722846390090433,72.01225828482265,1.648974348814943,72.80387038907601,-102,102,False
23,2,271,frame_00271_pose.txt,3.198217842391133,0.0292069248606539,-1.372520009869987,-2.889280611433296,1,66,frame_00066_pose.txt,73.60558170322793,-70.57199001326727,-1.997630839290257,23.792033108426345,74.72280334814283,-205,205,False
23,2,271,frame_00271_pose.txt,3.198217842391133,0.0292069248606539,-1.372520009869987,-2.889280611433296,2,65,frame_00065_pose.txt,73.14114594740329,-70.7803399994976,1.6621423392261423,18.55565059517238,74.17504715523863,-206,206,False
23,2,271,frame_00271_pose.txt,3.198217842391133,0.0292069248606539,-1.372520009869987,-2.889280611433296,3,63,frame_00063_pose.txt,72.2059155469746,-69.83103116405393,1.1943047553950896,18.80700093457416,73.24446184412642,-208,208,False
23,2,271,frame_00271_pose.txt,3.198217842391133,0.0292069248606539,-1.372520009869987,-2.889280611433296,4,62,frame_00062_pose.txt,72.05990250138387,-70.09452551467994,4.2461553654342765,14.666488304257664,73.03417740404306,-209,209,False
23,2,271,frame_00271_pose.txt,3.198217842391133,0.0292069248606539,-1.372520009869987,-2.889280611433296,5,225,frame_00225_pose.txt,72.02012012584076,1.3722846390090433,72.01225828482265,1.648974348814943,73.46035950083123,-46,46,False
23,3,270,frame_00270_pose.txt,3.514328707612634,-0.1501861783920094,0.6299934861126676,-3.454886761093458,1,66,frame_00066_pose.txt,73.60558170322793,-70.57199001326727,-1.997630839290257,23.792033108426345,74.31763072987926,-204,204,False
23,3,270,frame_00270_pose.txt,3.514328707612634,-0.1501861783920094,0.6299934861126676,-3.454886761093458,2,65,frame_00065_pose.txt,73.14114594740329,-70.7803399994976,1.6621423392261423,18.55565059517238,73.74951957880147,-205,205,False
23,3,270,frame_00270_pose.txt,3.514328707612634,-0.1501861783920094,0.6299934861126676,-3.454886761093458,3,63,frame_00063_pose.txt,72.2059155469746,-69.83103116405393,1.1943047553950896,18.80700093457416,72.8273572298733,-207,207,False
23,3,270,frame_00270_pose.txt,3.514328707612634,-0.1501861783920094,0.6299934861126676,-3.454886761093458,4,62,frame_00062_pose.txt,72.05990250138387,-70.09452551467994,4.2461553654342765,14.666488304257664,72.59689435792592,-208,208,False
23,3,270,frame_00270_pose.txt,3.514328707612634,-0.1501861783920094,0.6299934861126676,-3.454886761093458,5,225,frame_00225_pose.txt,72.02012012584076,1.3722846390090433,72.01225828482265,1.648974348814943,71.50001720314467,-45,45,False
24,1,192,frame_00192_pose.txt,4.078130880751278,3.061929255920978,-1.7394199156922274,-2.1041000245535426,1,146,frame_00146_pose.txt,74.9088427039111,4.265623933532668,74.69321002226276,-2.2373287331254432,76.4492785931225,-46,46,False
24,1,192,frame_00192_pose.txt,4.078130880751278,3.061929255920978,-1.7394199156922274,-2.1041000245535426,2,147,frame_00147_pose.txt,74.26279574557975,6.246317032628123,74.00372037291801,-0.5815482263620635,75.6894591181549,-45,45,False
24,1,192,frame_00192_pose.txt,4.078130880751278,3.061929255920978,-1.7394199156922274,-2.1041000245535426,3,151,frame_00151_pose.txt,73.86359881595868,5.959936771329893,73.61748824411505,-0.7023583475542867,75.30521063365073,-41,41,False
24,1,192,frame_00192_pose.txt,4.078130880751278,3.061929255920978,-1.7394199156922274,-2.1041000245535426,4,150,frame_00150_pose.txt,73.61394289387074,3.632676499599068,73.57571176358954,1.859758440333934,75.17431286184957,-42,42,False
24,1,192,frame_00192_pose.txt,4.078130880751278,3.061929255920978,-1.7394199156922274,-2.1041000245535426,5,149,frame_00149_pose.txt,73.5253557233366,6.837973289486339,73.14705357544734,-1.5203981738735808,74.91929103860434,-43,43,False
24,2,191,frame_00191_pose.txt,4.44587945969355,3.469108734650689,1.4640843483403878,-2.3201272801854524,1,146,frame_00146_pose.txt,74.9088427039111,4.265623933532668,74.69321002226276,-2.2373287331254432,73.22732463773862,-45,45,False
24,2,191,frame_00191_pose.txt,4.44587945969355,3.469108734650689,1.4640843483403878,-2.3201272801854524,2,147,frame_00147_pose.txt,74.26279574557975,6.246317032628123,74.00372037291801,-0.5815482263620635,72.4561929921408,-44,44,False
24,2,191,frame_00191_pose.txt,4.44587945969355,3.469108734650689,1.4640843483403878,-2.3201272801854524,3,151,frame_00151_pose.txt,73.86359881595868,5.959936771329893,73.61748824411505,-0.7023583475542867,72.07325058745676,-40,40,False
24,2,191,frame_00191_pose.txt,4.44587945969355,3.469108734650689,1.4640843483403878,-2.3201272801854524,4,150,frame_00150_pose.txt,73.61394289387074,3.632676499599068,73.57571176358954,1.859758440333934,71.95754705909052,-41,41,False
24,2,191,frame_00191_pose.txt,4.44587945969355,3.469108734650689,1.4640843483403878,-2.3201272801854524,5,149,frame_00149_pose.txt,73.5253557233366,6.837973289486339,73.14705357544734,-1.5203981738735808,71.68356503738116,-42,42,False
24,3,190,frame_00190_pose.txt,4.985976608944738,2.9753436411974428,3.604773249521551,-1.6461118402716646,1,146,frame_00146_pose.txt,74.9088427039111,4.265623933532668,74.69321002226276,-2.2373287331254432,71.13805933195258,-44,44,False
24,3,190,frame_00190_pose.txt,4.985976608944738,2.9753436411974428,3.604773249521551,-1.6461118402716646,2,147,frame_00147_pose.txt,74.26279574557975,6.246317032628123,74.00372037291801,-0.5815482263620635,70.38652386780947,-43,43,False
24,3,190,frame_00190_pose.txt,4.985976608944738,2.9753436411974428,3.604773249521551,-1.6461118402716646,3,151,frame_00151_pose.txt,73.86359881595868,5.959936771329893,73.61748824411505,-0.7023583475542867,70.0002468703111,-39,39,False
24,3,190,frame_00190_pose.txt,4.985976608944738,2.9753436411974428,3.604773249521551,-1.6461118402716646,4,150,frame_00150_pose.txt,73.61394289387074,3.632676499599068,73.57571176358954,1.859758440333934,69.8481476214124,-40,40,False
24,3,190,frame_00190_pose.txt,4.985976608944738,2.9753436411974428,3.604773249521551,-1.6461118402716646,5,149,frame_00149_pose.txt,73.5253557233366,6.837973289486339,73.14705357544734,-1.5203981738735808,69.62534344814823,-41,41,False
